,Sample Name,Standard,Standard_lower_ci,Standard_upper_ci,GDGT-0,GDGT-0_lower_ci,GDGT-0_upper_ci,GDGT-1,GDGT-1_lower_ci,GDGT-1_upper_ci,GDGT-2,GDGT-2_lower_ci,GDGT-2_upper_ci,GDGT-3,GDGT-3_lower_ci,GDGT-3_upper_ci,GDGT-4,GDGT-4_lower_ci,GDGT-4_upper_ci,GDGT-4',GDGT-4'_lower_ci,GDGT-4'_upper_ci,IIIa,IIIa_lower_ci,IIIa_upper_ci,IIIa',IIIa'_lower_ci,IIIa'_upper_ci,IIIb,IIIb_lower_ci,IIIb_upper_ci,IIIb',IIIb'_lower_ci,IIIb'_upper_ci,IIIc,IIIc_lower_ci,IIIc_upper_ci,IIIc',IIIc'_lower_ci,IIIc'_upper_ci,IIa,IIa_lower_ci,IIa_upper_ci,IIa',IIa'_lower_ci,IIa'_upper_ci,IIb,IIb_lower_ci,IIb_upper_ci,IIb',IIb'_lower_ci,IIb'_upper_ci,IIc,IIc_lower_ci,IIc_upper_ci,IIc',IIc'_lower_ci,IIc'_upper_ci,Ia,Ia_lower_ci,Ia_upper_ci,Ib,Ib_lower_ci,Ib_upper_ci,Ic,Ic_lower_ci,Ic_upper_ci
1,H1608000013,10366.69168,141.6810975,86.93032205,117408.946,4257.522807,5448.568555,44745.7594,708.3537984,755.0909712,45019.39936,631.3934831,574.9726603,19919.60833,131.8880068,138.071853,250670.1777,3164.149718,2607.606097,19028.87277,337.6119167,212.2981733,7847.051495,86.39463967,90.07738571,0.0,0.0,0.0,0.0,0.0,0.0,,,,0.0,0.0,0.0,,,,0.0,0.0,0.0,,,,7654.191076,7599.411078,411.021385,3514.308578,1872.63711,388.7533993,1499.892921,1484.917465,55.87411732,2402.92847,148.8023261,65.32352577,71202.32356,2795.489883,2850.634874,34387.44594,386.5730576,291.4591286,19415.68248,123.4990819,118.3411018
2,H1608000014,8581.835142,8431.959474,174.6755065,76923.61252,2202.828174,2666.565563,32302.06266,6547.63632,621.2785738,33262.99206,483.5560577,474.9125036,14794.84598,191.7963244,166.655735,205193.0358,2183.527166,1970.871922,16628.51543,190.6129759,162.183259,0.0,0.0,0.0,4525.007792,74.44747185,102.0009111,0.0,0.0,0.0,,,,0.0,0.0,0.0,,,,5754.040196,652.9798344,729.5972365,5479.638178,746.6317985,703.3609117,3589.656691,3550.089748,215.1610915,2649.320345,165.4540609,163.1166985,973.9265497,970.1612225,39.43510455,1348.928266,34.08052193,37.2508699,42996.84142,525.7965379,626.2867669,21538.99548,171.5231601,174.4153081,13367.60033,50.31852652,62.43639935
3,H1608000189,607.7854483,19.9078153,21.48591772,14006.50308,2389.214638,490.9118524,3386.272578,272.3156497,101.4338686,3266.204069,60.69103576,70.4153379,568.0298516,12.84599892,14.98503885,25397.79405,418.092399,442.96941,2437.710971,93.46841934,35.85228252,147.4237582,12.31025368,12.87725926,0.0,0.0,0.0,0.0,0.0,0.0,,,,0.0,0.0,0.0,13.65383998,7.941255886,3.559561648,108.6979662,7.343604707,8.85583657,122.1752186,96.93068586,243.2160933,249.7646238,6.269979795,6.122047481,0.0,0.0,0.0,0.0,0.0,0.0,85.54417172,1.604158749,2.227982873,263.6011091,13.22278442,8.8670381,70.41740359,1.374601047,1.735857873,28.74987211,22.54424418,1.785395336
4,H1608000191,20871.61342,632.9287832,196.6082301,11434.34125,492.8010453,502.9369057,2568.475296,151.0759605,67.20191857,2659.351224,62.34643199,62.58182132,373.3711876,9.814628405,12.36436973,19589.0625,378.3918393,419.4528305,2026.226913,37.97609179,22.70871482,2.332136526,0.469178306,0.780870102,0.0,0.0,0.0,0.0,0.0,0.0,73.3837321,64.27246549,124.9286275,2.633572946,0.257657764,0.337754175,0.0,0.0,0.0,60.08818419,58.29138127,15.22300424,1.29708598,0.277604934,0.549935876,158.4686844,23.00887932,23.0315819,0.0,0.0,0.0,0.0,0.0,0.0,53.66075137,47.79259367,71.87146825,189.1529625,184.0160616,9.483631172,29.52804468,10.49933689,2.91123685,11.69728005,5.504532497,5.729780118
5,H1608000196,6158.274426,48.76165893,48.2113969,1194.281732,29.96841203,25.85580051,284.6562328,4.070085402,4.232688225,259.5146621,6.058528617,6.129836392,31.88731627,0.585141731,0.572224371,2118.66784,22.86261903,19.35070584,191.7828676,2.509404009,2.195287869,13.47812207,0.522472963,0.408379427,0.0,0.0,0.0,0.0,0.0,0.0,0.0,0.0,0.0,0.0,0.0,0.0,2.534265989,0.180017158,0.188632091,13.98702446,1.226178751,1.119375189,0.0,0.0,0.0,26.3001633,1.467654432,1.370718425,0.0,0.0,0.0,3.358481119,0.401065887,0.412345889,7.965822469,1.117679199,1.247973023,21.47308354,1.047007341,0.794844843,3.155736341,0.448108466,0.292108217,0.0,0.0,0.0
6,H1712000039,5208.994384,26.03753018,23.80945245,5313.517674,54.76318748,60.48191294,587.0634904,12.62416831,13.13621532,328.0958764,9.581688869,9.760894021,107.5074966,2.615392188,2.43525796,9156.273357,61.58983628,59.17407095,0.0,0.0,0.0,6330.056819,153.0930858,152.4070385,1621.010624,55.10811218,49.70652873,337.4992592,2.716804926,2.891259551,134.4239187,7.260303731,5.183671167,82.67088488,5.54945342,3.780787327,80.27433344,2.310628249,2.613762758,2208.189268,19.12445329,15.93909086,1074.760041,25.74696316,24.26062816,388.1762003,6.747182613,6.939457082,258.5396547,9.268251597,8.139510309,57.30039284,0.873039014,0.840004721,0.0,0.0,0.0,2514.786212,50.50145883,51.82353642,440.5377324,11.03254982,10.25298511,81.66019467,1.398586516,1.567133192
7,H1712000040,4731.330807,18.86075941,20.33915301,2330.044385,25.57131217,25.87627915,288.1242013,4.387506544,4.320792428,199.4293719,7.009333027,7.322564211,46.5908779,5.089783297,5.700574461,3329.817972,25.01003928,25.57921292,30.03830341,13.82174408,3.352479782,5113.052142,110.4690211,138.5385029,1192.500366,41.00968584,35.58688996,326.4794539,4.471057538,4.449350082,142.190868,8.744593858,9.847709726,72.17335698,2.659968846,2.58005777,54.27208582,3.078000987,2.476476831,2059.306908,21.43824614,18.65750575,891.7638516,46.35715858,46.77146853,323.3622588,4.073023813,3.738647588,215.4736105,4.544597522,4.429695507,48.2542724,1.15906018,0.814838544,0.0,0.0,0.0,2699.740864,50.59695504,43.02124723,368.2734608,13.89708393,13.057368,71.89836966,2.52009579,1.993041141
8,H1712000041,4846.435346,125.7683022,112.9073868,2166.781981,21.49347033,20.85285206,246.4858025,5.561716576,5.72900219,209.0871392,8.357360352,9.145788259,38.26492994,3.1167564,3.33820591,3275.490297,21.28745292,25.57208334,25.31785002,8.774202249,2.964930043,3655.104004,169.8490762,128.5755216,932.1329016,21.87565804,21.3055826,543.4845011,22.43947961,21.86352264,120.3057989,4.603272434,4.676621244,148.6928792,3.525079321,2.991756842,61.17638029,2.55910165,1.45292425,1223.181509,22.91629681,21.95388268,569.6937148,45.37582452,48.87370265,353.2839914,6.911124454,7.36972737,197.9068037,7.033734887,6.825118207,52.42715008,0.910041898,0.810378246,20.82678845,2.329163167,0.997669816,1467.495551,30.28087781,32.88460401,262.9684553,9.504766118,10.89500021,53.66467176,2.35940003,1.470709673
9,H1712000042,4932.868263,29.0143454,26.92398379,4010.739935,33.52687619,34.80133168,399.7193321,19.17069623,16.94709701,313.6439868,23.68586456,23.40950458,49.94772419,1.933839414,1.937210309,6153.494988,39.85291749,42.20807831,0.0,0.0,0.0,3843.915919,92.97700688,106.2367358,1255.552725,83.15876667,46.58160685,444.4081913,6.763937749,6.954923828,124.1705694,10.70453701,7.14073823,139.5321053,4.763796583,3.7014191,53.20325562,2.464745993,1.889433552,1803.457522,42.2686449,44.88397673,1064.341995,41.75645278,32.41883232,510.0981345,13.24847305,14.51738262,261.4939393,9.492435619,10.10022757,71.77700705,1.127044379,1.025087358,29.60960873,2.270982521,1.710996816,2362.215146,54.48902403,48.73182851,421.5432094,12.89353657,12.12280656,72.5473091,2.091615126,1.704672028
10,H1712000043,4929.383605,30.88680619,34.59107768,5748.736777,67.46586764,60.4782392,565.9819882,15.92537756,14.64276584,376.0284127,25.66674255,23.56879772,75.75599564,2.305276887,2.567914387,8521.096032,58.36391113,60.35019026,0.0,0.0,0.0,5116.980857,128.4572212,136.1434032,1907.998594,206.757815,114.7637322,457.9382743,7.207875312,7.40157564,131.652453,6.150303858,7.692455806,157.4566578,7.55064937,5.241338022,50.8026938,1.356835158,1.269801565,2078.485831,16.4093086,16.62316254,1190.80695,500.1195326,575.3933145,645.7652883,8.202014879,9.867664069,336.9424473,14.45781863,12.11859524,99.78899327,3.804416668,3.255823471,35.19949795,0.915646265,0.738747073,2668.290888,43.87126488,47.0617307,628.5377397,12.28553055,12.86993055,91.06163782,2.126029044,1.650314802
11,H1712000044,5151.927921,211.1499434,193.6917326,5001.394258,39.12298265,43.60875469,579.4279472,15.48584089,15.1921926,327.7636102,10.60139258,10.25251395,129.8359879,3.65561753,3.119757154,7389.158788,54.43139848,44.60223226,66.95718648,1.412314623,1.459763611,8676.861284,206.0220017,197.3082542,2601.359245,171.525588,133.0365353,663.1701645,35.39508255,32.30176802,141.7607919,25.27780496,32.32197586,248.1623108,8.656217407,7.392339476,48.24960924,1.639168873,0.99483446,3006.190955,37.68416894,37.66136928,2068.645812,68.63794644,60.83176155,933.5327253,15.39173637,12.76648005,574.5938068,14.25565107,17.9123122,164.2269925,7.337712639,6.230471712,52.74033377,4.234354746,3.312585376,3053.884568,68.94774818,54.04737786,785.3282479,18.29111853,15.64522401,137.6322261,6.399519786,3.91608282
12,H1712000045,5311.982419,34.62680736,39.26711904,2855.920344,34.41240154,26.87693403,432.461933,12.00436994,12.23209772,340.1240746,12.70067948,12.61817407,74.57369111,11.22016359,14.00009177,3876.843511,26.63361546,29.22077881,48.19514408,19.14367608,5.995318671,5666.991884,611.2557887,177.5014669,3182.173923,334.3077344,166.948696,759.703186,11.97990692,11.23707164,247.1007023,21.52193461,10.60737647,261.7587444,65.28541592,11.62554748,78.26941623,4.981714436,3.606544147,2773.025402,83.61490659,76.97382963,2320.908928,235.2024925,327.6412032,1022.657988,14.06659247,12.25672193,500.9977972,36.10931051,36.42687221,164.0416207,3.856167583,3.513231012,60.62150609,40.40809483,5.858764988,2925.994533,53.75883045,62.76910258,799.8211846,18.33496666,15.04315676,127.5800299,1.834853117,2.301888822
13,H1712000046,5587.91701,77.50439535,87.99777611,3492.399437,30.79853247,38.2189179,574.9621834,27.40416654,30.4524509,315.7863875,36.49947547,35.1710382,87.53738419,3.113957728,3.06390629,4873.396517,34.57552535,34.95791081,52.97044101,4.882027184,2.408837166,11887.04145,258.7726969,344.2214238,5631.916632,47.50342483,50.24340648,1038.779984,11.57562186,13.46178784,345.8106261,16.37985111,13.70181807,347.0465442,12.92547428,10.35944515,136.8419322,4.46634209,3.93843401,4685.372875,15.17330489,13.58420173,3758.867849,68.30220008,59.25233061,1455.913852,68.56814126,64.59296819,620.9660704,99.53659238,151.3044111,206.7012203,5.458467157,5.977835258,105.9022485,7.548883454,4.972433515,4205.202664,94.83754483,103.7697393,1024.021307,14.04456332,13.96153689,186.6978265,3.274653582,3.220457133
14,H1712000047,6495.976938,47.23421854,46.82761889,6352.053561,84.10754188,59.03265055,781.5482026,23.03746421,19.40261155,484.9917334,8.752888791,8.592735833,111.4211022,4.135746489,4.401790999,8620.655473,52.56081628,63.01529426,76.90167509,24.20746208,6.299524799,12750.53007,596.7394502,569.0306009,5540.347978,488.365518,436.32121,1052.451793,20.47081077,21.37864972,430.462618,12.40732011,10.72597984,437.6642215,14.78752189,17.7706792,84.41981847,2.608154423,2.250775883,6378.557745,26.40292818,27.62460961,4668.88018,36.42564245,36.89838766,2160.641639,23.48241587,21.24009032,755.9913317,43.63307263,35.3218488,393.0229682,7.266168461,7.848467559,130.9962012,9.868736296,12.00922406,5431.603748,41.64418069,40.27720001,1557.248244,32.25640735,22.61682165,297.7826558,3.152105007,2.632865415
15,H1712000048,5282.939615,28.66803092,44.12845422,1688.818875,90.30554916,71.70793695,384.4849682,35.93241274,37.39131616,202.3381306,25.42900404,26.71840791,50.93200007,3.053628747,3.29787789,2222.758628,87.04888794,83.83800741,27.41918455,1.323596096,0.916965819,9463.117268,321.6402142,301.9677768,4476.895464,207.296852,146.9667431,831.884882,40.72497608,41.76631843,353.6316609,12.59970263,12.10237362,347.4228161,10.20991571,8.269375765,88.53783027,2.788128214,1.679178497,4620.516465,21.37826771,21.69587169,3382.75192,29.07228365,29.35602175,1528.754871,30.19720372,29.2499427,589.0584491,71.2674192,96.50262129,282.4494776,4.265008634,3.533293498,112.2633466,4.144300045,4.005439895,4085.332784,69.06655479,72.34129534,1187.873531,17.60159264,16.92560911,223.4637862,3.490554388,3.172748363
16,H1712000049,6129.308884,167.8421824,143.2254095,8383.584229,331.442957,314.5059045,1026.891266,41.60030779,36.21439731,335.0923803,13.96325484,9.980756081,82.36263813,2.978936436,4.035911461,10855.39928,343.6548299,320.0481081,75.58805222,48.68340742,13.86736778,23270.04891,1254.547808,1615.309523,9542.751023,563.8893244,366.2450579,2187.642849,64.4705962,65.7411035,707.9338106,37.93126545,22.5555194,1281.167318,39.19392125,33.36430131,77.65404107,4.326559246,2.295852302,12558.88872,315.9384703,245.5197608,9685.480839,230.7898389,246.4291846,4472.276447,420.9456405,223.9679465,0.0,0.0,0.0,1175.593491,38.84172208,45.36242789,,,,12131.12686,299.9463535,268.1700111,2793.812062,37.44214453,53.29507616,857.6296323,25.09726642,17.20663342
17,H1712000050,5678.96781,194.0259174,144.7222357,6278.205155,299.9649137,235.9745786,1502.459587,60.51677527,45.89490173,365.9514799,8.372236348,9.991289096,72.50469422,2.963922099,2.357111159,8153.675714,218.6599494,161.5323754,59.62376384,28.37821088,7.555917164,18541.93647,664.1667387,729.5013688,6552.426041,447.8342949,276.4073209,772.40776,48.86786627,47.73947061,0.0,0.0,0.0,397.3912929,14.2331832,11.2253327,57.30898103,4.008494657,2.785733258,9270.665833,315.0879463,183.1207342,7325.062828,181.6624824,213.9322357,2845.9611,225.2232686,167.3081748,,,,822.7928925,29.3360956,31.32910567,,,,7648.742318,229.5326899,195.1778827,1575.573923,27.00210023,28.84080384,623.1238338,17.21767015,13.15817835
18,H1712000051,6418.58536,156.1353708,149.2724917,11575.57763,478.7630935,514.2149744,1322.919839,45.6123969,40.25240179,341.9345323,26.86636988,26.46306518,102.9031219,2.615296406,3.084784779,17856.66737,619.9512131,643.1601056,122.6366826,77.73821044,16.93854644,23678.48809,1193.255358,954.8582751,9093.106765,428.8048439,277.4525848,1188.781876,14.8484152,18.08273716,486.5527383,40.00966949,34.49194854,691.3542146,23.78476229,17.78312198,66.70265962,5.277819673,2.794580282,13254.25557,341.0815477,270.6143758,9976.025419,245.1277678,248.3232651,4328.105909,375.1703502,232.2884987,0.0,0.0,0.0,1976.973863,71.70627745,58.13461162,0.0,0.0,0.0,12147.35035,361.3651397,295.6081633,1952.925665,35.56704931,31.34280406,1359.738704,30.75504073,33.75128848
19,H1801000014,11290.46134,54.21824029,53.15980067,9980.15835,141.7070918,129.6926616,1349.065746,19.89671217,26.01577128,483.8827609,10.70816608,11.28462835,104.5864055,6.195631201,4.209406104,15258.48579,77.75520338,91.27905541,118.7202346,21.10918455,8.753057181,20935.30418,640.6903927,811.9089473,8129.491633,312.6625841,255.6328982,975.8054646,20.96630001,18.65784824,0.0,0.0,0.0,393.2210191,8.999032901,7.576848872,136.5683435,8.81374887,6.216313392,8682.252608,81.36184061,84.1736785,6647.96973,108.4192642,130.9981497,3797.59008,992.084983,1031.720527,0.0,0.0,0.0,1134.34144,76.71843909,72.04902973,0.0,0.0,0.0,8435.73892,176.1651448,167.5960774,1785.310483,32.14179401,32.05420572,872.4866279,18.80899071,17.88674713
20,H1801000015,13779.04013,256.2759556,265.045661,23613.32136,821.871786,882.3029599,3301.941582,114.4612824,96.01322255,772.0065769,49.72892949,65.60258507,214.0593346,8.524869701,7.175107088,38917.44844,1093.834393,1003.721368,336.8054237,17.10364587,13.6395061,48830.96419,1344.723552,1428.135762,19614.5102,1199.274125,763.3107821,4590.557842,55.83914036,74.96756616,0.0,0.0,0.0,2033.849303,79.55650336,84.17864896,468.7078115,18.3589949,18.42272373,17111.50415,404.4119138,370.7641535,14047.15028,449.5664832,493.4695254,13273.53904,1244.880139,955.5711554,0.0,0.0,0.0,3981.865867,213.4248838,206.6125258,0.0,0.0,0.0,15446.94184,350.2273688,350.9650839,5700.292922,110.2620217,109.9710483,2437.262565,51.83110474,58.55407859
21,H1801000016,15097.67555,82.92803606,88.24334298,15334.83112,173.1992344,210.5207331,1708.172512,49.71954888,45.85548034,709.001785,82.98367139,119.4540381,167.5803981,7.042866163,5.717044858,17139.1099,105.3276446,109.7843253,132.3630479,69.60363238,42.89383491,52648.99904,1026.960563,1206.181952,10637.46078,412.299834,305.5824087,2120.181427,87.47532186,47.80780019,286.793456,186.024817,148.3051107,424.1576418,14.07587043,18.62679921,154.960364,10.74404402,10.76104316,40083.10996,192.4406,170.8487183,15251.09198,204.775625,207.5972891,9489.786087,627.1132903,537.8870969,2240.964254,2213.418241,273.9045522,1824.329306,150.0625685,155.8422817,0.0,0.0,0.0,42980.36834,5426.60561,1060.711168,5696.182713,880.1316468,139.4130095,2031.534714,36.31781717,37.80463065
22,H1801000017,11198.0169,70.19116738,64.27804295,11035.63706,64.42387204,69.86713637,1299.933974,17.63656455,18.14048297,281.5566212,20.6008075,23.53880722,99.79292256,4.463277591,2.488193835,15744.30944,396.5146959,501.7014946,116.3536893,110.6344895,31.06686267,34450.67149,735.0243891,889.6882788,9449.333923,604.8854746,304.0087691,1321.400939,59.4517692,29.07512988,0.0,0.0,0.0,770.9372772,38.50252086,37.06984006,110.2609103,12.49323116,4.438364665,9823.45101,139.6548907,114.6123657,7533.999187,135.2462772,162.4430119,6062.504536,1181.795757,1493.80322,0.0,0.0,0.0,2377.190421,123.7672956,123.1403712,0.0,0.0,0.0,8511.682176,99.09218918,94.88649144,2428.427348,30.11689709,30.77018052,1490.368979,26.78623394,31.50299765
23,H1801000018,13140.80878,367.5304934,318.5969143,7381.000684,212.3300247,178.7363191,1611.100522,30.33658645,27.59486761,470.6856976,20.24449403,18.83368989,95.25894116,2.889388292,2.654475446,6497.061226,177.4950872,133.4043654,71.64839374,1.915588639,1.617467503,29213.6594,1050.670846,894.6628418,7869.098483,555.8665557,302.6992081,1319.114439,18.16391986,19.99733646,706.9094025,46.38855284,32.53615801,917.372936,40.09874702,33.39718303,147.0707788,10.15001661,4.755180128,10806.98496,214.6931369,167.9332822,8463.262809,203.0734232,248.1091314,7090.234836,209.9727395,249.9096097,1942.713075,108.6006381,109.273556,2776.712104,127.4655197,76.73192103,0.0,0.0,0.0,10750.17998,208.8753685,255.3774067,2710.008288,53.45101644,61.61049201,1255.248121,31.06748682,27.54740702
24,H1801000019,13567.09709,86.71603301,107.506689,5170.622498,247.3507781,300.009704,688.6591963,13.59436702,15.23505487,210.1374874,7.737944762,6.68284378,47.08283968,4.482278196,5.581986188,6834.673608,172.5880958,156.3819222,50.78068969,30.62789171,18.30167524,22513.14089,763.192651,717.7664855,5994.962677,969.9100855,973.9900917,1153.35644,32.64887847,34.04746587,644.3421011,31.3348871,24.60508693,945.5812574,54.97755253,41.2187117,46.01057727,7.095852022,6.897958226,11122.0333,141.357706,166.7763336,7352.602724,200.2516058,197.4369949,5830.595827,408.8435686,520.2314702,0.0,0.0,0.0,3460.314698,151.5086106,135.6222563,0.0,0.0,0.0,9175.650103,239.3324459,279.5588726,1954.14333,10.82589654,11.85748625,1182.028835,20.18891408,19.26227437
25,H1801000020,15024.62094,324.7153048,262.1385659,4423.447654,116.6131722,118.011609,1645.581452,39.0765678,34.97850534,314.4312936,48.93727081,53.20817947,70.44534828,2.703653578,2.508288773,4585.652693,99.32692303,111.5303058,51.36160223,9.51942533,3.928841037,51414.48909,2570.821469,3425.201764,11899.50842,631.6630253,355.6125792,1971.117013,38.66490462,45.5441646,894.3719478,42.43250006,27.18711842,1197.815379,83.55033556,93.37179218,76.89458906,5.565780283,3.313910318,20560.33257,607.0159578,451.532798,13163.63685,318.396242,338.2990167,9921.527817,279.9117756,253.6369423,0.0,0.0,0.0,3253.047809,104.7741988,91.81622409,0.0,0.0,0.0,17020.86178,391.2978591,313.6782768,3989.459417,60.10236195,61.22354972,1515.009659,43.87547541,33.13570209
26,H1801000110,8592.949365,46.26364398,39.06665519,3668.746235,17.78246171,18.63205012,497.2310091,7.755784204,6.457599612,373.0694117,20.84645186,20.28164158,116.5795524,3.626556166,4.149106736,5655.256807,17.38929035,19.53554804,50.95555952,48.69123356,7.907194436,9587.040055,200.7576647,213.2745578,2102.213989,90.53515234,61.82638228,577.5321432,14.114009,15.43007684,198.0016403,38.86396793,5.555789387,165.9292746,8.464900541,5.021268153,92.4907685,16.68636398,3.81248717,4075.158833,46.10042718,35.78687688,1664.984898,99.35955676,97.92624001,656.7636311,11.67477232,9.665384266,438.5733422,10.18194264,13.78572921,92.39879517,1.266278227,1.241860459,54.23518808,3.139266452,1.785612139,4217.646294,69.85250997,65.6634851,663.3423712,16.49598031,18.09858797,132.8748823,11.40084583,4.162600515
27,H1801000111,2092.620262,494.3926839,48.34315052,1527.417758,47.95080188,60.27563013,198.930017,8.883296752,8.933876312,135.9024987,5.921733644,6.309478326,48.78044514,2.160746033,2.152555781,2528.400077,10.44715719,11.67342199,19.8086198,1.612098263,0.754268437,2194.108245,36.42266717,35.54432481,551.5424792,93.61438506,35.12330021,119.6451214,6.400060008,6.760118124,40.24240371,40.24240371,5.277676736,40.45410949,1.711278684,0.767601397,18.69063293,0.603095004,0.436418473,995.5454885,14.85419578,16.11218406,414.9438266,44.23037834,45.58722294,167.2229155,4.028057625,4.370179245,114.6458009,3.221423234,4.355685739,28.84224639,4.097403456,1.145124809,,,,1103.716097,81.4412755,23.46248794,189.3408298,4.474578498,3.822336486,35.15367189,1.927867908,1.38202354
28,H1801000112,7244.352125,41.29812476,41.412136,4395.511129,24.16789611,29.39982416,607.7177535,29.59137621,33.67389205,464.0877455,31.90889757,32.86709236,100.6490703,3.686025477,4.284419592,7782.296217,28.96865992,29.68380016,0.0,0.0,0.0,6303.664838,129.4343991,158.3289651,1574.791065,220.9594068,112.9064736,604.553648,10.89534538,11.36572897,113.1637553,6.760246135,9.293312202,211.7333373,14.08030787,6.798883483,54.90797998,1.693310996,1.236560863,2532.425731,81.52749503,87.43588123,1129.649039,118.0054966,128.2158501,673.1576618,8.756225139,9.045979425,323.8464616,10.22411473,10.45214375,79.84010284,7.764340011,9.456850455,45.66885862,8.23212565,3.433848065,3057.987638,51.34239208,52.62640711,616.2313364,16.39515816,8.40824413,98.80090657,11.38297548,4.258104934
29,H1801000113,7532.02123,33.03974756,28.67528648,9388.71954,57.04607052,68.4843172,901.164286,72.86391329,77.192827,323.9290262,20.70671887,20.29500319,142.8535218,2.700511107,2.778713685,12699.41733,69.82010735,60.59632924,0.0,0.0,0.0,6336.080808,903.7338047,221.0649691,2876.230987,286.0793961,351.3307686,659.0118456,12.09656988,12.43036802,254.6249803,254.6249803,17.33484791,206.6858745,41.71066588,54.23973003,80.55756761,15.48485229,16.60659146,2710.757126,183.276354,194.9462298,1939.966551,303.804038,305.097654,770.9033056,17.8553085,16.52377603,472.0563761,35.9505105,39.08137043,143.7977411,3.149308872,3.410216506,61.9486701,3.608587115,2.515154226,3310.804467,104.9335525,90.17116988,623.3558841,7.528387992,7.157414403,117.6064168,17.98739848,5.421292319
30,H1801000114,4088.15338,180.6708294,96.39454047,621.4830566,28.72278239,33.59844711,156.996588,11.38798679,12.70599117,126.0636953,5.70516299,6.782202785,46.16899736,14.13117977,12.63743699,702.4330382,19.15899723,16.03512446,18.85891843,1.345300926,0.700125665,1924.767488,29.96178401,42.71781568,443.4272467,18.29680281,22.58721424,80.38285948,1.418628458,0.816238715,27.23091728,12.1184833,9.878747558,26.07993223,0.643218463,0.509377771,10.59582401,5.187063748,0.697541293,1145.363919,10.07355278,12.35598122,667.3934079,24.71529161,24.64557843,208.669425,3.544265727,3.910085389,173.5006536,3.674524824,3.906741529,33.96129405,1.16040887,0.694532385,15.54724463,1.512384417,0.85954738,1586.974432,17.70718369,17.05059257,325.6804201,14.30242794,6.793347398,51.08012689,2.503137889,1.781366411
31,H1801000115,7519.212026,37.02197129,32.73530372,8486.035205,53.19670789,58.91593494,906.6094627,21.50583971,19.39467374,340.9270721,35.48546968,37.25191232,170.8647569,7.279387017,8.291462249,12069.66288,51.18837981,62.97439062,87.50926369,87.50926369,7.742879748,7663.469924,274.1834521,269.5811908,3157.032236,329.6093829,455.9816504,1254.755457,22.81591444,27.81685187,224.2431423,27.37994211,35.16837516,495.2234197,30.84041161,26.72341024,144.0119002,8.86528274,4.822686956,3825.0535,71.49741749,78.19515213,2653.579645,147.1882053,133.4537831,1498.76207,29.28920975,28.36406618,492.8570101,33.00923895,43.63517241,273.5763317,5.811592587,5.473011007,89.69606781,6.836630225,3.786357265,3832.769598,104.1160793,117.5404499,1087.247802,24.35864498,24.29214538,172.5682405,5.022343262,5.305376266
32,H1801000116,7436.643569,37.00021614,38.74534784,3117.044538,15.52779211,15.94898405,613.7421359,23.9293004,20.45002242,449.5864909,11.76866201,13.26055176,161.4125465,23.40797897,21.3837847,4222.273963,24.80593511,25.76764937,83.79548056,83.79548056,3.654689373,12212.0828,1714.038687,442.9353028,3902.726003,136.2572469,104.4115879,960.9593703,16.59306307,16.70828015,184.4115264,184.4115264,43.41761037,227.9231451,7.329387106,6.412260258,38.7718265,1.443854618,0.885372488,4670.019553,96.50724342,87.72094813,3525.717059,160.438298,178.5206675,1635.953226,74.06005276,91.51331859,762.2807973,53.4618074,43.9198486,202.9787295,3.633482779,3.554175408,76.72735763,76.72735763,7.943060567,4471.695647,47.18391766,49.93435767,1212.579633,23.28205301,22.89846254,195.1345464,14.6566839,5.048237995
33,H1801000117,6852.626279,36.8140193,37.64250308,2877.908327,130.3485692,189.2158928,464.3251785,19.57699907,18.31674166,335.8043589,319.7376933,29.67980125,120.4234201,7.291323359,6.644216019,4587.774441,21.24676533,22.60648441,62.63332302,9.702523788,4.721038554,8533.709538,960.095912,289.1159191,3747.018271,369.5324071,158.3161721,653.0428585,131.2116642,17.38071061,206.9143783,12.43823241,6.885568571,271.2605584,140.2043105,11.34870251,51.6248238,47.47003795,3.147098627,4334.477978,39.13128535,34.58621365,3410.422183,103.7786161,97.77781793,1446.193155,24.2313347,28.20436116,740.6552697,8.674150349,10.97117189,258.3759683,4.786172381,4.752684053,85.76323279,80.23505887,3.842547371,4094.254617,45.71283324,46.9828637,1238.84618,16.55881847,15.5193938,235.7543921,9.940858942,5.623465987
34,H1801000118,7475.854346,145.3098478,162.8358405,1307.113396,40.55188579,38.73947351,335.0357457,6.621750421,6.746946109,237.3724562,6.727678837,6.286923173,73.83022002,2.80065619,3.393340195,1514.557899,29.35704936,32.09713558,25.55892238,4.755217377,6.602823005,7315.433878,172.4953521,174.0689585,2604.531985,172.5923261,115.6044991,235.7788584,3.996815913,4.223521028,72.98463244,9.756782177,8.100533429,85.01121894,2.675891392,1.985078836,27.52976768,0.701322525,0.612822237,5568.000281,166.5494911,134.6085191,4351.934086,117.5904824,125.6065483,927.1206583,19.49907654,15.8760162,634.9836048,21.10475521,19.34129331,146.3518998,2.530815245,3.088066895,64.13679239,2.664890108,2.20145937,4792.791593,110.5899181,93.5581641,892.3880723,14.36323523,16.72592307,199.7023986,7.431511203,6.404056599
35,H1801000119,7564.228282,143.5989574,146.9402573,13478.00382,438.0855974,314.4027642,1267.080193,44.84467977,33.67930307,0.0,0.0,0.0,159.1990675,3.128074781,2.745414841,16278.92308,421.4590387,345.0310215,0.0,0.0,0.0,16658.77765,801.7802949,1010.967681,5640.345299,309.7611023,403.7878855,1263.331389,21.27426236,24.19458866,523.4261318,34.88837029,19.62971883,681.7910442,22.33550072,25.43788462,105.6167154,5.468737747,4.152816095,8042.551248,173.5143998,173.3266407,6680.733227,157.525839,184.0682035,2651.210505,143.0345468,110.5789691,785.804219,31.31037972,24.2881572,846.5118152,27.41660429,30.56403883,250.4009017,108.5282064,21.3716728,7498.618956,167.2243172,163.9181066,1745.203845,22.55343359,24.05129413,564.9334024,12.93944388,13.62197462
36,H1801000120,8512.695545,49.9670582,49.12354222,8661.654297,46.1064305,69.75432165,733.2657512,14.511393,13.03684895,167.9076993,5.680626381,6.192911771,118.8353917,4.278090282,4.696276759,10546.92418,69.23658757,62.16360925,0.0,0.0,0.0,20899.55577,2115.446144,826.438614,7196.118571,372.3973405,208.6038368,1247.922188,23.41453694,26.53516653,686.4092082,686.4092076,68.98096963,541.0898328,8.217538728,7.334345396,109.2532839,17.19161806,7.015240839,9915.025161,73.82678101,56.02143613,6232.946328,89.6277723,104.2781217,4401.76492,214.909362,248.8270988,0.0,0.0,0.0,1362.538926,46.33602814,43.42956695,0.0,0.0,0.0,9720.464303,263.2614306,229.4373248,2069.252599,45.77927339,46.14957388,1000.575232,18.32343499,15.1257044
37,H1801000121,10692.93975,595.8877137,222.9879715,12152.6484,73.52283305,79.71720868,1548.315601,32.66314083,34.91312184,497.4150997,16.4059039,16.35843432,115.7826901,3.514433976,4.670851561,17633.35731,99.2009401,108.1197138,0.0,0.0,0.0,38141.3381,7258.742911,1558.246749,12801.44864,885.0345923,496.288491,1987.976376,27.91629056,26.67051229,898.6352693,52.38961042,24.71251561,933.9323587,25.27959124,20.30015561,126.2038777,15.22751907,6.915127808,18265.14094,39.96939445,38.08597561,10597.13301,45.40160317,36.25594717,5986.458843,707.3722971,951.5120115,0.0,0.0,0.0,2207.593646,60.96639958,53.87199551,0.0,0.0,0.0,14476.47627,2314.820312,461.5276714,2995.86864,63.18975918,64.86073959,1428.126404,21.59898087,23.43049525
38,H1801000122,9918.624168,47.34284924,49.89705297,17316.96343,288.3451473,273.2626258,2981.061913,36.85414547,44.98010523,653.8298339,21.94462426,24.44078496,150.3732344,3.255134692,3.866586056,26363.01034,178.5428065,143.7971082,197.9927646,22.26185704,6.765939632,24044.92579,1824.096172,1970.830067,7098.960062,212.5925946,225.8458702,1319.07638,47.76841981,54.99127868,672.4103612,672.4103612,128.160153,664.6031584,30.77682987,32.88688179,143.7520974,9.345114358,5.218597136,12897.68887,119.5896402,131.0183146,8431.537368,165.9414908,128.8014556,6775.602617,1060.44815,1107.151791,0.0,0.0,0.0,2391.463625,174.3321644,166.3243972,0.0,0.0,0.0,11036.21859,668.9617128,781.9368386,2913.406973,51.79127903,55.26089813,1648.204334,29.21887754,28.74914543
39,H1801000123,11791.83615,1740.857067,320.4455506,22616.97779,201.7188595,178.9811548,4220.770926,52.27315203,51.99886959,1296.644756,28.85086101,27.51939884,209.30159,3.565732801,3.089544178,35334.62934,273.9343104,238.1588056,0.0,0.0,0.0,42981.59261,940.4139322,879.9022524,20776.40886,1141.524289,826.7977163,3134.710772,40.52917142,32.85672251,1634.455592,845.4740325,381.5054729,1407.589422,112.9030285,121.1026087,545.6106239,32.45504902,16.71963003,13848.1079,136.2690136,131.6978642,12016.06342,157.2918398,184.5883662,11074.57902,1964.137287,2012.19706,0.0,0.0,0.0,3230.320565,406.4200739,454.8270863,0.0,0.0,0.0,12401.16611,2262.523601,330.2391993,4488.376994,91.27972663,98.86763127,2321.597663,136.0268957,62.6508008
40,H1801000124,9032.31578,430.9438061,197.4365747,6833.601419,65.57676074,66.27953654,1044.548081,30.28767958,32.77596377,321.6453663,24.55990758,11.85515003,77.48454424,3.007786011,2.926469957,10097.80361,270.1827146,247.8249132,86.72653981,24.13541559,4.207200246,28840.98797,759.43932,939.3802815,6763.566023,495.6778687,223.8731351,1623.048601,40.65113311,53.04147673,823.0744403,808.4723183,63.0474711,1351.896379,38.88506837,41.61393475,175.5885286,13.66769461,6.322207194,9449.1,114.1598046,97.8014646,5890.948816,111.9092672,125.0531775,7303.279448,970.8917883,870.9045318,0.0,0.0,0.0,2964.678839,328.0957849,321.5188081,0.0,0.0,0.0,7953.194269,121.536845,133.4933115,3212.796353,50.08115098,53.23321071,1849.165434,43.88562076,39.17149013
41,H1801000125,8662.526003,45.27219587,51.18529666,7836.081912,89.61032523,84.10023881,2597.020926,99.87290694,36.36452108,643.7512857,16.23072194,16.67379005,81.29793334,3.766174859,2.841209144,11360.69965,71.07997885,58.98019647,79.67066733,52.14962525,6.247199476,27784.76154,940.8528448,965.3311253,5949.856408,429.4485103,220.6654175,1341.53086,18.37277634,18.64884005,666.3878299,662.1607736,84.63779877,943.9944328,46.44122052,43.93916159,71.94340481,3.589581363,4.052908068,8745.253385,120.328519,139.0101678,5039.475314,161.6867739,162.8964674,5947.34792,764.6599685,841.2372573,,,,2218.467778,109.5763657,132.6114091,0.0,0.0,0.0,7134.431318,90.12330731,95.71541078,2321.082619,43.01865274,43.83175772,1315.086952,165.0075758,40.54266141
42,H1801000126,8879.734738,1071.77155,259.240092,8609.15793,96.60376984,92.57577612,894.6443886,14.92842202,17.21501744,340.1288846,15.38062479,15.74623428,91.58452598,3.380408131,2.096354476,9834.207664,733.9492578,194.0816938,0.0,0.0,0.0,14750.36691,256.488353,297.9815858,2884.836586,196.6612385,94.79407842,520.7092447,14.5708821,15.02274395,139.34977,5.157980273,5.672096904,182.6442045,4.312041622,4.561716009,32.43845136,1.058127743,0.738934545,9513.572364,80.61302915,79.30723481,3584.18647,83.40029647,103.4958947,2487.36253,157.9829074,144.5469066,551.9098248,537.4699251,49.96970031,521.8696242,15.51190193,16.38418687,0.0,0.0,0.0,8467.962173,126.151687,151.343836,1270.63732,44.05528562,28.20031164,499.2908692,7.407393406,8.107871998
43,H1801000127,10278.30303,61.58669521,87.56530528,7980.002128,70.62048711,66.41105623,1019.3584,16.87229812,19.24189646,224.7040043,16.6398202,19.0701572,49.2086425,3.220138892,2.926971327,5098.031832,190.135851,213.0909372,40.82407759,37.46453578,11.43984911,18864.4331,420.1783894,475.4716199,5314.324384,507.0212019,272.0358029,940.5373237,759.4508428,27.62571259,476.0369605,109.7574306,25.45030945,698.7618614,11.44022762,11.97716403,82.59872215,12.40426617,5.297948201,7077.867589,79.89505404,77.0041068,5283.66665,95.27715319,107.2409819,5074.380445,531.3051822,569.9481312,0.0,0.0,0.0,1744.73701,52.62787532,51.06790934,0.0,0.0,0.0,6493.418867,91.50331077,75.20997288,1577.2764,28.44697877,30.1324296,890.1206434,37.29149655,27.82253419
44,H1801000128,11107.62865,483.6820092,208.4936817,6873.519655,58.72227142,66.01682003,1014.452514,24.43787864,23.74183653,205.7584587,40.8925165,39.96381249,51.18908393,3.88054247,4.249184563,6085.14714,29.14569017,28.49610162,45.61815188,35.82338188,6.214128764,29574.18312,706.1194638,660.5931893,6195.254547,265.9523551,154.8069757,886.6966332,19.78791054,17.04713429,351.819321,336.384122,14.61317986,623.9925011,14.77023942,14.81289297,38.86019251,18.96054517,3.112760507,13961.73734,46.17312135,47.02514971,7214.660287,64.44183118,61.1585214,4071.586174,89.52638691,108.1743227,697.4808724,687.6823736,59.06012161,1436.393922,61.57385608,68.17382472,0.0,0.0,0.0,11749.78614,860.717349,315.551791,2386.171068,47.17512464,50.37618406,1012.753791,13.97830657,14.07795471
45,H1801000129,11818.52222,83.6733714,97.52859435,2079.499445,70.04586725,83.42936582,1211.671877,27.80787961,16.77541796,253.1889978,5.318154158,5.180815926,40.76936041,14.1452799,18.9224732,1906.867237,60.5181145,56.63705982,39.15993466,0.69551836,0.767712795,35030.53347,2675.379218,3243.293496,6718.85484,292.9818757,186.1008767,1649.390353,64.64411538,52.77170575,399.5649553,14.83879804,10.92448746,642.3198626,24.20143092,17.86611106,0.0,0.0,0.0,14728.13292,90.17112585,91.34904524,8840.804187,94.22716099,98.48793059,8890.173457,572.5503041,545.329259,0.0,0.0,0.0,2502.453824,50.64231344,53.29211369,0.0,0.0,0.0,12209.7682,903.0545574,286.3077295,2910.478387,56.79281157,57.48929282,1173.615352,18.24266011,17.13764705
46,H1801000130,11547.40961,934.4053575,331.2628506,2059.446338,160.0707984,191.4574415,561.0746976,10.91391008,9.382373983,133.7769729,26.12528971,34.97533089,25.34248357,9.552391201,14.16688417,807.1722471,25.59205475,21.69835503,28.84930653,0.821480289,0.733719661,33933.51464,1606.134743,1601.392124,5472.435111,158.339868,150.4911685,1805.875902,65.53988114,72.7133802,495.1946101,57.66719084,64.33597101,1868.406396,136.2854965,190.7669925,182.7867776,177.4841777,283.6420073,18403.26378,136.4423536,115.8692552,8813.930466,142.1580931,123.3548234,5943.055003,235.733327,255.4620775,0.0,0.0,0.0,1746.876664,54.59067901,50.80802552,0.0,0.0,0.0,16364.98211,1049.386493,368.7901435,5081.20218,71.68519575,74.61648276,1079.826894,22.7324544,27.54735064
47,H1801000131,8956.222588,55.16593373,55.21263436,1589.582629,48.41560772,59.1730104,125.2459658,4.904087506,5.076817094,0.0,0.0,0.0,19.34928716,15.00478273,1.85920278,314.0897979,6.93792925,7.303823207,16.67661036,0.234308912,0.202733444,15907.53901,357.5842202,462.4271696,1037.443899,125.4733866,159.9411822,830.7322849,67.62704763,66.99127271,79.62164486,74.01723236,5.664679727,157.4111361,22.11056577,8.28618048,0.0,0.0,0.0,12766.56897,134.7233747,122.8234455,4678.962318,134.7584498,108.0495409,2825.240351,359.7733833,330.8434293,0.0,0.0,0.0,408.7775069,12.23682046,11.70036705,0.0,0.0,0.0,10371.88071,4712.025409,362.7332185,1123.815427,97.65626973,30.00483784,312.9791291,7.803539107,8.286709627
48,H1801000191,12924.90423,55.54581206,50.48893114,919.2047931,27.1526437,25.66052692,136.2748298,3.611882456,2.232673647,59.81232922,44.8377747,2.723469318,15.08391922,13.39846296,3.812283934,860.046061,18.11142848,18.19256328,21.38609516,10.52168029,1.495686196,20951.34372,193.5957064,194.815242,4286.916302,256.1883109,142.0626236,302.7044227,11.16261541,8.471132382,0.0,0.0,0.0,73.26740812,2.580621407,1.187035627,0.0,0.0,0.0,7811.003753,121.0872288,120.9935347,5336.860167,135.4033248,121.8931495,749.3189127,41.80150383,45.05221443,340.1768241,45.43684892,14.79720572,144.758262,33.88880729,6.064497605,0.0,0.0,0.0,6897.48591,196.7902895,229.4254515,506.8062143,80.94722444,34.18619824,130.4423769,7.410718455,3.911582454
49,H1801000192,12975.37577,556.3388567,346.0501304,5435.13605,215.2634415,265.4252313,1287.900213,16.23740164,15.80912279,194.1094161,50.11382271,57.70983946,52.53064605,9.425800217,11.83901948,3516.70431,145.423482,158.9637097,36.70735531,13.31272881,8.298744097,48626.24418,1402.028106,1714.567665,10021.10414,501.3878221,348.4495204,1608.918161,65.24853437,80.8629952,439.1203676,32.19384247,32.95050144,895.9889384,25.46945029,29.9384025,58.73654015,7.491057937,4.000616767,21320.76406,46.37116841,44.43915317,10565.20133,63.82845013,52.78432895,7530.084967,353.4719881,482.1516857,0.0,0.0,0.0,2050.665477,117.7475772,121.4332867,0.0,0.0,0.0,16856.85789,1456.63219,496.4459337,3497.723618,76.17427687,76.26912407,1243.474333,39.08930249,37.97309572
50,H1801000193,11276.0595,70.11642077,65.08224044,1319.891475,58.33086526,71.33477137,179.4339785,5.854767912,6.584566352,52.66306472,2.968197004,2.620712063,12.15287701,2.378972917,3.014909449,766.8224788,7.200460247,8.507878916,18.28304864,16.84776506,1.343900909,25395.29909,289.3619076,321.1034965,4445.866825,239.70578,156.1593521,1742.124684,56.69974154,58.47118581,688.8376559,86.91569888,50.39629225,934.4219068,26.7075723,30.70262785,0.0,0.0,0.0,9357.49524,72.59824052,76.803322,4681.948292,77.46930976,95.74119936,4991.360238,285.3648379,273.5187309,0.0,0.0,0.0,1807.807014,35.61231375,42.90487076,0.0,0.0,0.0,7917.539928,610.8639615,241.2670856,1280.981771,33.99658893,35.49370686,747.565791,16.4043089,15.24157792
51,H1801000194,10774.85866,635.7221819,241.5544303,740.0773883,23.94937478,22.32637782,43.27210523,5.857580721,2.35554814,50.60794527,5.2479116,6.703904494,59.50129721,57.53085879,5.300482384,492.0489615,11.33752084,10.54584397,12.62156034,10.75973577,0.777740154,12948.24873,384.9569848,440.806266,2857.160388,2726.629239,218.0548062,307.1446786,8.273123858,9.794547299,122.7307522,120.5550734,7.185503245,144.4357783,28.43614229,7.710591541,0.0,0.0,0.0,5011.137502,34.20768915,33.55337561,3567.861642,60.83512627,53.44888286,1318.965278,54.30910821,52.24049359,0.0,0.0,0.0,649.6160991,56.54948357,21.34959082,0.0,0.0,0.0,4974.627185,493.5927058,168.1079727,442.8351627,10.87798247,8.629359924,322.9456596,19.02940808,8.574771627
52,H1801000259,8232.386437,42.05947807,45.474045,1126.899768,82.37905463,33.13142377,127.74828,12.33703172,14.00097582,69.9306861,39.9895673,3.503871869,10.40782021,7.218431184,8.539711669,956.7165479,38.94903001,26.70783991,24.79562051,19.88849626,1.937221669,26387.91518,1158.845038,992.6870555,5144.339377,585.0641707,240.5535255,381.9821678,29.22869933,16.21920898,0.0,0.0,0.0,127.7025814,9.350694062,4.849373174,0.0,0.0,0.0,10967.99618,67.23297633,75.13679214,7043.118547,128.1333469,98.74219949,1740.691485,33.03079905,32.27422069,433.6016096,152.2161602,30.74787145,508.5938409,39.28385789,22.66208943,0.0,0.0,0.0,8603.035197,201.4396857,205.9744265,774.7038048,15.18860081,14.10875119,295.3799689,39.65034247,10.93993838
53,H1801000260,10461.69792,62.32733994,70.26195179,5129.98263,193.1141549,208.5144857,1584.880508,21.51769954,15.7424021,404.8182736,66.7903719,71.94236906,46.08492128,2.402879662,2.881546251,5029.163554,272.8664523,298.6954709,40.58626129,12.54677891,4.808711222,28220.92783,1325.178527,1187.228509,7402.607491,546.3442389,346.789166,1228.891814,35.41856581,35.75361292,604.1458994,21.90132386,11.53975242,881.2059513,22.90838721,21.45952713,0.0,0.0,0.0,9003.786386,118.4056605,124.3173249,7147.917231,175.7712245,186.6578824,3814.842289,56.69165445,61.33505085,985.171565,975.719246,81.01733732,1868.210022,30.24246896,33.52246841,0.0,0.0,0.0,8667.181072,192.6166796,187.1528505,1587.798729,22.28296858,28.90867421,976.2791969,55.03771039,27.79338798
54,H1801000261,7299.625602,38.07214531,40.98014928,17371.76721,158.423374,178.980958,2212.250838,35.13849375,46.38091745,580.199502,50.94568141,60.4921607,179.4143126,5.406076753,3.683464999,30462.18207,241.7164314,242.4342215,189.6374386,86.04365302,60.33154285,39846.83302,15403.96233,2131.624143,16119.76719,1547.082395,780.0575427,2746.83023,36.03250579,35.65049977,0.0,0.0,0.0,1420.962669,61.34466439,57.58455138,475.4199981,54.67719985,26.47987236,12048.41445,137.0895272,121.358932,9122.169472,131.7756254,143.877741,8525.308927,1699.692678,1698.969234,0.0,0.0,0.0,2742.722565,222.0946067,270.4279552,0.0,0.0,0.0,10266.32672,323.3789949,359.6751101,3569.033536,80.13943898,81.16868189,1943.730415,275.3368718,81.89346624
55,H1801000262,10939.66713,56.18310375,56.44175722,2769.239684,98.65691343,91.77647667,578.7423166,8.77164845,8.813062904,141.581568,4.790306844,4.685243632,32.51418622,8.379086485,2.928142112,2998.997055,63.53052754,62.80132574,19.64726362,4.06482626,1.829296271,10785.44976,323.4379001,365.7950763,3155.66759,187.915683,128.2070863,361.8896995,13.21562526,12.96575541,149.0591453,145.3007811,11.58986942,183.361292,4.812211523,5.572327273,0.0,0.0,0.0,5259.751553,38.53005873,36.3206631,3525.744828,48.68159499,46.50325831,1399.752504,51.80432071,55.8172926,329.3258968,7.997526794,8.921142653,404.87057,9.505440091,8.403782299,0.0,0.0,0.0,4575.090585,395.3181429,138.2848339,841.4321536,16.80875537,14.27773162,309.3874266,27.78804851,8.290760442
56,H1801000263,6156.585596,42.5402824,46.51556635,28091.42305,221.624356,250.8139039,3467.232506,57.89685617,78.56871375,1253.979293,27.19920225,37.31948744,253.6251803,6.573891508,6.915024899,35397.83815,326.1177837,362.2580415,270.3305782,189.8861949,33.21930875,56326.94165,7588.04812,11013.33543,14094.40093,1180.207251,1293.597738,3664.054475,67.69435144,66.28375091,1454.475877,106.3480168,49.64680664,1864.999452,44.8990614,43.08592336,231.1678967,26.90914967,8.842554094,20952.53544,328.6231296,270.1799687,17022.73577,267.5293962,299.0683954,9566.41981,774.017414,937.1751939,0.0,0.0,0.0,2924.434355,100.2706855,107.2747606,0.0,0.0,0.0,18868.50933,946.2780273,589.5509777,5160.736647,128.5681784,107.0223482,1889.247192,46.70095957,52.74146405
57,H1801000264,10692.19995,58.51778588,54.44002091,4604.863635,27.81228356,26.34291123,848.0527412,20.38064699,21.75446276,511.7203474,7.314513092,8.293785629,143.1253714,4.007863087,2.632512119,5626.757337,31.01404291,24.5738107,71.67198542,42.01427992,3.311214713,12693.89477,450.1412921,491.3910663,5615.945916,1308.087087,367.9129807,858.0226535,38.20613941,21.61313351,220.3242889,104.3872465,39.19304867,275.598422,209.2572711,16.40813262,86.83850731,8.12551354,2.987631627,7446.560133,73.67628088,71.19551743,6499.360693,75.4733575,94.00704472,2419.763112,19.98059176,22.33325319,964.9808057,39.73670479,38.04940888,351.371068,6.960255613,6.77942931,135.3053433,133.2852173,7.806242645,7165.501665,263.9633082,171.9417393,2358.396007,46.07833273,50.08056003,371.531989,8.84258067,8.668092032
58,H1801000265,6433.150756,29.80434491,37.47650517,4403.437236,322.5924278,115.5195299,859.9736899,21.30545976,25.21550552,801.1097851,20.53363174,19.22143322,167.7576121,5.244561809,6.425750166,5718.351486,27.12981753,32.72520256,83.67199913,81.5116376,4.303232151,15406.02286,358.437958,371.0962762,6302.117981,999.1743633,374.3229688,1372.928715,10.84309374,11.17814368,437.2346017,52.6186744,28.9353041,443.640319,17.38990996,18.56165583,168.7283694,5.00278344,3.659650996,5558.386931,114.9978525,114.0598638,4145.273796,262.1969061,222.2144201,1788.314744,18.24884276,20.39611297,875.7866932,73.30936404,69.21823556,350.8749735,13.20455508,9.229250466,123.4977701,118.4513158,7.807667502,5321.855585,104.2852786,122.8402787,1293.331324,22.66043896,25.44455052,237.4127079,233.3784634,11.56640398
59,H1801000266,7412.469135,1879.457331,197.3293769,26635.56628,255.8282898,254.5783796,2455.92137,85.91735227,77.55334528,1595.474703,857.1318205,53.60423047,406.1997555,23.40630202,10.54267798,35008.2643,263.5233781,272.3436138,0.0,0.0,0.0,22829.06422,816.4794479,735.2580281,7862.173123,981.9010301,488.3128992,2523.407001,30.53698602,30.93408311,579.1792844,43.19871365,44.25858319,899.1705686,26.23793495,27.26281672,298.7051609,11.52944011,9.053471844,8205.818149,877.580709,933.8098375,4632.757227,2128.961085,2632.689345,2666.082317,55.32149733,57.83044825,1171.154239,298.8515113,316.4764686,443.8444664,11.80887797,10.09970481,163.4203109,161.6130567,14.62159655,8240.122987,237.9246428,237.5093516,1782.814645,53.1560176,50.75097365,293.5479806,7.574063872,6.585795146
60,H1801000267,13038.1912,71.70429658,79.23071621,11894.92341,100.1193331,95.26658741,1291.60188,31.14522728,34.6951121,665.5581023,599.1084705,37.35413074,261.8315331,9.259022945,6.12760972,16897.91316,73.38807374,77.76135335,120.0343788,46.67335057,27.45255432,15286.55705,733.4094503,718.6465905,4904.820835,179.0445992,132.7217167,1222.009558,18.35919052,20.54661148,362.7169616,354.1330134,19.79828997,368.4750725,10.72053169,12.70038761,155.9499003,18.87540434,6.217821959,7472.22844,98.27585006,108.547196,3703.203966,214.1327656,188.834199,1397.847533,19.9051608,19.5155155,849.1779339,18.10411241,16.96572736,240.400181,49.87328309,12.39754304,105.7159976,12.28051479,5.03461348,7140.748061,133.7856883,147.3214258,1282.174335,58.18224241,32.31016884,238.2346652,4.193702138,3.757953839
61,H1801000268,7168.175686,187.076921,152.4695399,15350.87764,104.2890766,128.6308176,1437.15612,87.5418914,80.69765727,1036.723361,27.91542877,28.27121608,254.4041865,14.42845764,14.1815832,21556.9819,123.7703574,128.8477157,162.5862855,113.4717614,12.25634803,16449.16746,1779.365133,592.1703282,4879.096984,337.8129955,221.9848829,1396.425399,33.63462715,31.48597265,434.7367697,15.44184853,8.826105294,418.5931846,11.79550832,13.31318663,195.6225572,12.44196077,5.680222901,7695.511036,173.1221814,155.7914348,3361.721661,293.9122021,318.2284893,1530.914299,14.82891607,13.37559665,898.450223,17.48650873,19.42468044,237.2274271,3.972585115,4.312732383,116.124963,28.49315627,6.941726031,7509.015544,146.3903166,132.0731314,1322.570061,33.52523215,32.93145081,228.2297442,141.352651,10.48062007
63,H1805000004,8220.195303,937.0828611,191.268193,2228.080029,167.210783,61.07807172,72.9188603,8.277517466,10.70407147,26.14695463,2.983330454,2.832209822,7.862153228,0.713916791,0.445134287,34.9368387,0.848686953,0.851075797,0.0,0.0,0.0,8391.252145,316.0011214,329.2111831,148.1517716,15.1090708,18.98374986,426.5614165,9.45393821,8.207840803,146.9786731,145.1969673,4.748259507,327.6929498,12.7434937,13.57858769,15.6136692,0.355954238,0.369367833,3780.218201,236.4666201,256.9654751,0.0,0.0,0.0,1561.962628,28.48117507,35.67581835,0.0,0.0,0.0,127.542796,1.401610608,1.473925749,0.0,0.0,0.0,4091.591833,63.93488487,76.80728744,1771.369388,31.79987048,32.38404753,238.8580217,127.5240506,9.915200308
64,H1805000008,4911.498813,209.2646224,106.6821049,598.6476042,68.39332032,59.26054039,48.7809673,2.969510631,1.597483535,34.6000316,5.124378765,5.150827703,5.090872878,0.32451921,0.174983322,64.03602638,1.272733167,1.709320112,1.501730379,0.268153016,0.11055325,9454.924026,183.1215896,213.4654445,0.0,0.0,0.0,526.6712055,11.47936329,13.36030014,148.159113,144.9818791,4.609940992,303.0406504,3.783600269,4.077834969,19.38078967,5.745293823,0.988199354,4610.890047,162.927366,164.4328588,0.0,0.0,0.0,2616.713593,52.94996567,68.18017566,0.0,0.0,0.0,210.2515447,60.89279719,58.00719147,0.0,0.0,0.0,4132.307553,237.7155118,75.5502488,2858.192109,58.46446954,46.24895662,335.8625015,5.4785163,5.395340688
65,H2102002,13235.7795,122.6808146,121.6593489,3291.590047,50.58126073,53.66666226,366.1772201,6.098988295,4.832437544,247.1208819,8.846915655,7.454135824,89.33182305,1.231618726,1.29576846,3163.577199,41.88002677,45.4141112,118.3865544,1.371381228,1.404462899,0.0,0.0,0.0,3784.637583,47.67743126,42.79748936,60.23743375,2.103070185,2.208614243,0.0,0.0,0.0,16.10264802,0.880277255,0.780933569,0.0,0.0,0.0,437.6782176,36.61629584,37.92235914,189.5910641,8.961362123,8.673378128,145.4509103,2.466783581,2.570290429,0.0,0.0,0.0,0.0,0.0,0.0,49.93120601,4.553168514,3.9270375,576.053799,21.9046741,20.28703922,107.6829611,7.592532311,8.11394212,77.53319503,2.756606245,2.399686521
66,H2102003,13069.65255,121.356131,125.8144355,532.9788287,8.738316203,8.634355354,164.9047224,1.637161559,1.70147347,160.3528266,4.480120967,4.19846833,78.54859347,1.116132656,1.070437103,1530.991117,13.94636962,15.56325901,94.91176535,1.344190601,1.151311359,59.16720931,1.244496232,1.261954653,48.61748304,1.400310209,1.231789264,9.044164347,4.11748277,1.783371267,2.343760662,0.471660737,0.52209847,8.16196914,3.63970391,3.63517069,0.0,0.0,0.0,0.0,0.0,0.0,47.54748377,3.6149283,46.22318634,43.63743917,5.789370502,6.071331457,0.0,0.0,0.0,0.0,0.0,0.0,28.70364165,2.347079581,2.40371554,200.7876037,4.286319762,4.336065665,88.89730196,1.251455028,0.849277966,99.63012903,2.327943882,2.123638307
67,H2102004,13430.21678,94.01650865,102.4969418,609.997601,11.09270481,10.34331302,155.1614006,2.430644731,2.470712954,155.284883,3.868321992,4.118613343,79.09426872,0.893040028,1.194497035,1326.420281,12.7968766,10.76692922,84.49373506,18.06124996,10.84523056,477.7968895,3.341577415,3.40897387,149.5773275,3.09184955,2.623233389,532.9282327,4.215885967,3.710859767,0.0,0.0,0.0,15.81903802,0.708701409,0.523743764,2.32290245,0.78307776,0.886642148,94.13462472,1.537221924,1.873671667,0.0,0.0,0.0,310.2856293,3.415224844,2.647376695,0.0,0.0,0.0,22.04255352,1.522162474,1.496064557,26.92568746,0.967515689,0.646764889,230.4492731,6.264366835,5.495466446,112.1358007,1.424499424,1.20623176,112.6836563,21.58694839,19.64959685
68,H2202081,1554.002622,42.58224215,12.10990942,5647.76297,231.2050963,68.21637984,1313.458397,13.99850261,14.2714219,1159.500436,21.93029148,16.27248516,151.6410255,5.173220071,3.538291446,7806.318684,38.37817644,44.45924696,491.9868054,7.981039102,5.931827314,125.1537899,11.11913528,2.580304829,683.3177701,11.22313528,11.38310972,0.0,0.0,0.0,149.8397442,5.652407562,3.842178313,0.0,0.0,0.0,,,,129.3265351,17.28389249,8.869743473,258.362425,25.53231993,10.43394009,0.0,0.0,0.0,217.0295706,17.94128187,8.068931971,0.0,0.0,0.0,64.23675856,1.705479424,0.944087978,1543.788471,25.3588379,31.02671093,102.6645455,36.9624301,2.246039749,50.59655134,40.20349586,2.963038341
69,H2202085,67620.59652,148.0237233,142.1894563,10900.97899,272.2340731,146.5070328,2501.730666,101.343922,43.50127749,2304.874284,52.43551795,40.18782345,264.1267779,12.30647328,7.139960385,14563.5238,101.7892067,124.6502292,1103.911687,7.208042138,7.233762586,343.3617562,6.267182178,4.445193358,3009.391839,41.90402028,47.44738209,0.0,0.0,0.0,1301.689282,58.29022171,29.75023792,0.0,0.0,0.0,110.6192357,12.95565063,6.599883244,461.5454378,16.78584625,17.30883172,529.551116,22.84228016,22.43543889,0.0,0.0,0.0,1340.929352,21.23715628,18.58414616,0.0,0.0,0.0,317.4241442,24.53536707,7.747827425,8637.944633,98.72771237,96.43297986,408.0783246,19.18856046,7.13089334,344.3877006,10.54233026,7.462571967
70,H2202087,3161.985568,238.9771473,34.5367731,5717.001703,744.5372143,140.1235805,1159.461309,12.24260361,13.41293068,965.7951078,55.11664984,17.62003695,132.9583358,6.445338295,3.92252869,7425.365513,40.68160432,37.70583493,468.2421839,18.72980151,7.316537835,271.1961557,268.0328077,9.414140144,1198.962795,16.22241361,16.54813941,421.2396455,6.658351814,7.966989962,0.0,0.0,0.0,0.0,0.0,0.0,,,,233.4157408,8.806673184,10.03915842,303.1502574,8.895350597,9.416018067,0.0,0.0,0.0,721.7602731,29.76309511,15.80731286,0.0,0.0,0.0,116.3846613,3.892269151,2.315460707,5893.463396,139.2572073,128.7358143,274.4753927,12.70341798,4.424902606,166.3630301,7.426395742,3.601617362
71,H2202121,8328.066398,375.3859444,350.1341613,159590.7052,10035.76637,12731.31241,68667.01421,1568.925753,1644.13686,60369.84711,2400.471952,2415.124018,49587.12591,827.8620001,901.7154678,487722.2411,48452.21121,64525.12486,16181.60551,15854.9697,373.276312,7783.554421,755.5860106,121.780039,15617.44984,254.3728234,255.3916249,707.2807003,22.58436499,9.258133917,1424.919997,50.53414147,32.16248064,164.3736997,162.5007157,9.388869154,133.4282497,24.54152154,23.16071751,53371.77073,358.6866201,364.4043685,81663.48002,621.2773076,624.1321556,20129.1385,19954.08866,569.5312252,27635.20564,746.1238628,909.7470117,784.3976745,31.08116702,39.43911966,925.6409031,29.35242549,30.85189599,181699.2672,26554.67814,3749.51606,60480.67222,229.8557893,188.3197876,4160.100084,61.10164853,34.99641104
72,H2202124,2535.894431,292.0643225,68.07441529,44471.31256,825.8974616,842.776154,21572.28897,167.7032076,263.3214674,23113.63104,629.8107796,755.8392982,26413.46165,281.9156462,283.5791466,266119.536,2958.825715,2865.280687,9424.958885,161.2818091,61.0330023,1376.322026,54.39083052,28.45041226,5436.469608,47.03649528,42.25002601,371.2101588,20.66010234,10.74391132,1359.98289,63.02126438,53.39104277,68.31811625,63.79984785,6.536801303,705.4266701,28.85615018,15.79986012,7915.657166,82.27103275,85.28851876,22783.91245,108.6270023,99.91681121,6757.948784,6706.300233,297.6569985,23971.71393,462.274596,408.8691771,807.9191554,534.6102957,37.07116849,4039.323955,216.2762186,105.4049844,33395.90274,335.359425,322.7932094,18464.18981,2706.33869,195.6680274,7732.427956,113.150071,95.83981282
73,H2204044,3016.746867,298.067183,123.1266466,50526.46957,1207.982433,1328.890723,32827.81212,495.5539934,462.481288,40580.13311,1433.560668,1415.181535,25172.58128,1111.148202,1108.314554,300388.0149,39412.3792,47591.1362,19958.35173,109.7594886,100.3596365,3924.932655,139.9108717,69.63772798,10821.01902,139.8771926,169.1394584,660.8827923,25.13499381,16.13815561,665.0976409,13.01301501,9.929405177,281.0333,6.078694066,6.714755397,111.1329267,103.8727454,7.541205509,27042.8782,538.5401601,449.2493184,40079.78731,444.396888,518.1120976,6812.691383,132.0417042,111.2915023,8693.44809,130.0553239,164.7731141,1710.378123,17.12332399,18.71910575,829.1417825,17.67699235,16.70473866,95413.43152,633.1147776,634.5524828,24827.10712,141.4825072,130.771477,5539.737569,85.48859667,84.22497287
74,H2204051,4097.546073,20.98590989,19.2656488,39624.33736,652.7632869,782.2528563,29261.14628,198.8720806,190.3751269,27393.5216,794.09927,1053.711829,17472.34071,436.876683,553.4060255,185577.8689,12814.11038,17629.40852,11042.23043,82.44529018,74.21181151,4552.812941,297.2287143,97.41661998,10264.02777,122.0019253,143.2913729,711.8608997,43.82315186,14.45551359,0.0,0.0,0.0,293.3452238,7.200057443,6.627073539,198.4545496,12.12455314,6.24267737,26545.67335,197.8998896,200.2781735,39329.14986,258.476249,283.8982034,7626.122873,158.471969,154.7483037,8346.935993,120.2459678,122.3273195,2294.819962,23.31694645,24.43688353,1127.718754,46.58831167,49.8920788,77343.38042,77137.82297,1734.367003,20783.30072,1649.391068,279.8830993,7796.688173,435.591629,159.2901134
75,H2301003,10564.60575,10489.32824,660.8985226,205392.8195,162076.3641,7247.744001,19062.26256,238.5298172,253.3850429,9852.688653,470.5614845,617.1866752,3249.838876,63.99597605,61.58157421,226995.3384,1123.087197,1174.582829,4492.164643,161.2132546,57.96199525,17753.74637,205.4107895,190.6750956,8699.888979,198.0938145,233.9370529,1047.141788,48.89827474,28.61756166,1142.464142,79.7517291,44.24412541,318.3670263,13.3370092,8.582367778,325.9940416,14.61195732,16.98009598,37829.91917,20380.87507,665.8821189,10312.17433,172.9111204,182.5440487,5875.175313,437.27317,487.6316832,4267.571803,184.4348483,215.110307,1291.040947,36.77628338,22.32392742,1500.405342,136.7451448,48.95990193,71528.59901,335.6078893,278.0118246,11799.32724,215.8755547,123.0644799,4173.273416,29.03431341,28.25653616
76,H2305009,10822.02206,158.65047,163.3935785,206740.0505,206473.341,14113.19855,40578.75133,312.3234936,355.1726583,15905.44967,853.8776213,720.9671206,3549.814698,73.4283514,74.71716572,303790.0159,9896.638781,9675.963018,3910.31355,3779.487903,106.1302497,1593.791902,116.7963551,58.74329657,2540.302562,114.6220739,78.69883859,580.6421261,69.49862499,29.35458947,1410.04419,84.40163394,62.94165402,190.9088675,189.4673106,7.519390997,2846.742035,114.8404228,59.89201543,2237.319594,16.28805602,18.92850168,2240.079955,23.03844168,23.95992306,4821.132366,214.092957,281.3641425,6318.880628,264.7279341,213.8659641,904.0200629,294.6905271,28.72014726,5324.730761,38.26659297,49.7844259,4836.967505,195.5077745,142.061854,5079.712045,39.84566816,35.6102395,2274.501923,11.59454113,10.49171281
77,H2305015,870.1908473,806.3841442,33.51001147,14529.58918,14387.41036,570.6347824,1975.129271,776.4860858,57.53833037,715.8263021,17.61359355,18.25428779,170.9662873,4.237042218,3.908119187,20994.23589,79.13860967,72.47517874,169.6573235,149.5516016,11.99005199,74.65752317,5.415633134,6.754603074,94.26459791,4.38288878,4.174636314,63.23990324,2.720070167,1.419625194,0.0,0.0,0.0,0.0,0.0,0.0,,,,210.4460866,5.995577147,4.943880938,218.546554,19.78299538,8.579454769,298.1078578,4.448958621,3.597174395,119.3510545,116.1457931,11.53828713,76.80954789,1.67418456,1.417637229,0.0,0.0,0.0,551.832008,44.21416123,52.72865026,362.6811406,4.210639232,4.44748134,180.5970228,4.932180041,3.499118617
78,H2306009,10978.79613,107.9154439,135.2210595,18377.08068,1606.343104,466.6341718,3550.554567,46.84144139,46.67416601,1183.940497,43.11349328,47.14079918,285.1361597,5.820786513,6.244204355,30888.91689,438.087761,480.9364507,265.0410227,11.79858919,6.162650518,426.3257156,2.115562427,1.800346797,346.5295873,10.32197646,10.49536285,396.036334,21.02476498,15.27031631,31.68567763,8.451811028,10.25246656,91.90531226,2.620483557,2.634201266,6.249943066,3.653418561,5.512571127,491.170604,9.212223353,7.016130286,356.5998917,8.90188899,10.71107706,2023.549215,44.62516381,42.45631957,0.0,0.0,0.0,698.9001582,49.20376066,49.84159106,0.0,0.0,0.0,898.2343126,53.24426249,31.94467828,1002.906334,16.34888808,19.18363847,858.3423957,38.25505808,41.40326801
79,H2306028,2366.35375,362.4431586,71.99680277,46969.14213,18252.15536,1603.18218,7455.580954,1082.043522,172.436013,3010.278368,47.34256735,65.1693565,594.6564414,23.52161982,27.71724274,70508.77752,1389.90996,1342.45944,586.7178859,574.6364051,21.098941,125.2019537,18.22576041,19.49791614,160.8032946,20.59090036,26.9036204,65.73220174,12.73624609,3.749154535,0.0,0.0,0.0,0.0,0.0,0.0,,,,233.1612964,9.689687811,9.929282549,319.4867333,22.81144462,10.28375091,411.5555314,8.979482536,8.2774625,167.3523998,7.229798009,3.242575196,89.79897097,2.849643875,2.426271811,66.9441765,2.036061381,1.196048763,862.9671499,27.74134112,26.4768253,411.2613782,41.68115018,9.518310508,175.3343302,35.96656595,4.2689807
80,H2307064,5383.868152,98.87937341,124.7351261,31125.79665,1358.245964,1323.004558,2069.339974,34.71091849,26.73892349,830.4819447,45.66149409,45.67003468,207.9660596,9.149523025,7.257586133,491.2543731,7.6116136,7.021186867,38.09924521,38.09924521,7.768407511,313676.6397,5571.585991,5232.237198,56420.2104,3039.548023,1572.148865,1217.270535,96.17298245,93.0164129,939.471384,186.5349837,226.2955338,0.0,0.0,0.0,,,,423661.7315,5910.212976,6213.222438,127624.7004,127624.7004,5651.848618,21440.33967,150.782245,154.2498946,5801.852016,108.3156456,110.2252705,3706.724425,273.3679904,288.8991468,0.0,0.0,0.0,264481.2481,1316.031476,921.4844627,26587.29185,948.6348567,369.1613606,3934.75789,60.00215373,43.83081112
81,H2307065,9759.952934,50.04476795,47.47360646,3896.672138,93.60363004,51.43333053,718.2963678,24.47823252,14.67250382,177.4727652,8.983430347,9.692840825,80.86106404,4.99554175,5.326312203,2465.296592,15.44335359,19.01983653,40.14906613,8.1118005,3.119822,24098.46365,516.4740768,251.9606056,9497.339006,186.4794979,211.4523968,163.7979797,160.8747017,20.4754421,220.7234111,12.46332925,6.874939439,0.0,0.0,0.0,,,,24591.91608,149.00885,125.8860792,10985.18505,257.6799986,232.6989102,1079.396743,9.99231129,8.907014502,1249.261358,65.85949135,42.25782773,107.9900263,5.923110333,2.468602432,80.01415431,21.6054827,2.322078894,21380.04943,21149.68682,323.9504653,1757.366149,26.11989738,14.18380988,204.7955635,31.87583285,28.69774474
82,H2307066,5340.174122,48.0060508,53.78494722,19470.31448,149.632306,171.1169358,2245.112687,23.48743287,26.77272123,980.0645933,72.48066147,59.24560232,289.7778592,20.75002373,12.75718304,7332.14901,78.72667518,79.22535753,153.9966479,12.89003376,11.87156912,870861.5976,125163.357,147317.2891,31957.90686,454.6002302,366.2669186,1168.300124,45.72157464,29.01853555,3138.772231,126.6560197,101.2202072,0.0,0.0,0.0,,,,660356.0989,653721.2721,80727.47267,0.0,0.0,0.0,6412.320427,182.2077848,174.2050773,1757.671647,1745.928464,129.7906648,4618.562397,130.2987239,92.4556731,0.0,0.0,0.0,254937.2537,2151.345428,2054.336305,8214.4007,53.94046297,49.69268331,844.9991277,16.53172475,10.58847442
84,H2308003,74.58993143,72.42070437,3.510998708,833.2108513,13.84650081,12.6960611,162.08046,2.227108008,2.100766525,129.7259843,2.913023138,3.072399768,37.21278158,3.703412324,1.38661829,323.3828391,15.95424419,6.234752395,19.56894043,0.874920823,0.413928786,526.4123547,10.46260146,7.753373575,309.8247065,10.36122502,9.271104212,100.7758149,6.8942475,2.491599071,105.1040809,6.867528896,2.921016539,41.49816708,1.841825234,1.276247893,34.26661474,2.379926489,1.16291746,1095.196405,14.18328541,15.24561522,847.7637874,15.33131661,17.53744044,775.6626524,21.03785437,11.44748686,446.7151706,12.30041115,10.87283615,155.5941233,4.631726844,3.246292835,125.2752121,9.749461759,5.103136633,1198.101336,30.39704946,19.79305868,1089.912864,15.30982575,9.888135466,396.8239397,8.581805703,4.621539086
85,H2308005,146.3113681,13.96646567,14.20267071,3681.739525,63.94696331,62.5651596,599.2547137,7.009745412,6.959223225,482.6101836,8.482097274,9.247479324,106.8613459,11.32299086,10.4184183,1119.552782,4.770140742,6.398550312,70.74521707,0.923830256,0.977870392,932.5514024,33.5105805,34.90874603,1043.263557,34.8478083,25.4276991,123.7458465,4.09637362,4.019853335,95.65908143,90.91807322,236.0837874,65.60597872,64.17472942,1.699566083,65.14393178,1.233862974,1.421743719,2192.090309,37.08533975,36.36770534,1631.378011,51.73166131,60.73933188,1224.542615,68.29046267,81.64290698,760.6220499,28.32872601,31.13117377,282.366093,47.54791156,50.70104312,162.7214287,14.34352076,13.4126066,2880.947715,125.2486834,106.8453797,2226.591721,60.10249934,20.48257537,974.1995968,13.30575276,15.68690068
86,H2308012,112.5846134,6.724560039,7.367601348,635.392908,9.127807318,9.554991441,136.8569866,4.203210259,4.055580141,145.6686066,6.353917399,8.60934002,77.74034602,5.847715763,2.880136381,413.7376973,5.082529142,5.843017282,66.26395369,1.156561587,0.987051205,259.2768291,4.649438913,4.847015998,212.8936124,4.889552138,5.92334554,81.93682582,45.56193149,2.607982535,0.0,0.0,0.0,0.0,0.0,0.0,45.89356408,2.82954759,1.060557373,642.1054181,13.4089817,13.23615366,516.7056725,16.6481779,16.01463118,615.460055,24.28184124,14.12547559,482.1437869,12.8563297,10.89266839,143.2813376,12.75497287,2.377801705,121.8764817,1.844034685,1.641610574,1051.849866,231.9655911,19.74246046,1070.662273,59.68622587,14.82996041,457.7772738,3.172537096,3.136222594
