Sample Name,Standard,Standard_lower_ci,Standard_upper_ci,GDGT-0,GDGT-0_lower_ci,GDGT-0_upper_ci,GDGT-1,GDGT-1_lower_ci,GDGT-1_upper_ci,GDGT-2,GDGT-2_lower_ci,GDGT-2_upper_ci,GDGT-3,GDGT-3_lower_ci,GDGT-3_upper_ci,GDGT-4,GDGT-4_lower_ci,GDGT-4_upper_ci,GDGT-4',GDGT-4'_lower_ci,GDGT-4'_upper_ci,IIIa,IIIa_lower_ci,IIIa_upper_ci,IIIa',IIIa'_lower_ci,IIIa'_upper_ci,IIIb,IIIb_lower_ci,IIIb_upper_ci,IIIb',IIIb'_lower_ci,IIIb'_upper_ci,IIIc,IIIc_lower_ci,IIIc_upper_ci,IIIc',IIIc'_lower_ci,IIIc'_upper_ci,IIa,IIa_lower_ci,IIa_upper_ci,IIa',IIa'_lower_ci,IIa'_upper_ci,IIb,IIb_lower_ci,IIb_upper_ci,IIb',IIb'_lower_ci,IIb'_upper_ci,IIc,IIc_lower_ci,IIc_upper_ci,IIc',IIc'_lower_ci,IIc'_upper_ci,Ia,Ia_lower_ci,Ia_upper_ci,Ib,Ib_lower_ci,Ib_upper_ci,Ic,Ic_lower_ci,Ic_upper_ci
H1608000013,10370.74554,169.3206884,102.8825157,117828.7015,4237.592238,4293.96299,44606.3818,722.2392743,607.7352229,44991.38797,564.7943727,644.1504682,19912.53212,125.5135471,150.9351294,250637.6756,2929.262328,3168.747113,19042.99677,364.8147454,236.5973983,2157.264158,23.39157349,26.89045238,7811.582801,82.72067379,81.45187463,0,0,0,,,,0,0,0,744.7159858,25.68069519,18.78350802,0,0,0,,,,7613.599688,7613.599688,383.4071985,3587.694425,1929.609918,283.2505629,1479.956801,1479.956801,64.21896096,2403.600577,183.4321782,71.22725505,79825.08391,659.699279,612.3909527,34378.91003,227.4795915,208.978303,19408.19244,113.3718319,121.9707955
H1608000014,8585.008659,8585.008659,172.3977132,77054.47767,2186.190741,2118.637446,32295.30168,9574.926099,543.0062756,33250.60111,448.8534601,499.9078644,14775.70114,142.3938052,174.4455376,205096.519,2038.797476,2277.289672,16653.12285,218.0425285,149.6687454,1081.272414,65.29431615,73.3624828,4530.055514,93.832808,89.12301803,0,0,0,,,,346.5355171,4.347449291,3.274991256,228.1142061,95.3750963,130.0681365,9094.792288,338.0427327,281.1986668,26226.72164,388.8476883,400.6795398,0,0,0,1740.02939,43.30883023,44.81632826,965.4448187,965.4448187,47.39060901,1350.757677,33.38809231,34.217607,43051.95714,526.4593614,567.3692152,21534.69122,157.8217891,170.4745207,13500.59627,34.04713565,32.06624728
H1608000189,608.396553,18.84051752,19.53628065,14017.96809,2076.431896,452.9113605,3384.240254,260.0104264,74.95893968,3269.727711,63.38507225,62.73589211,568.2248616,14.02464824,16.47385949,25426.53502,442.3802055,465.1412257,2437.467432,94.66181441,35.57393633,147.2994666,12.60332718,12.33574801,114.296502,7.129773167,7.633397162,44.2154167,3.310244653,1.860699768,14.13306967,1.532821558,0.794481063,13.71789887,5.349785389,3.460033753,0,0,0,2.334368527,1.004225258,1.536114064,0,0,0,249.9614698,5.539259868,6.564536097,0,0,0,85.60732519,1.932306068,1.705349477,0,0,0,263.027808,13.03806343,9.769614222,70.48209497,1.479688509,1.588369937,28.66257631,28.66257631,2.224546637
H1608000191,20893.32,728.1443696,184.2099324,11396.13106,417.1902901,583.1574499,2576.397165,99.36523477,57.92449568,2660.662793,63.44755543,65.40724469,373.7555238,9.823231351,10.30972571,19591.97342,401.1160272,361.0315734,2027.292172,46.16183394,23.96805875,299.1239773,299.1239773,9.152283288,139.7717811,44.10766613,52.34894345,73.33680853,63.83109062,126.083795,32.37380843,32.37380843,3.076957346,15.49802026,15.4767396,3.834377803,0,0,0,370.6351211,365.8107955,2812.164673,0,0,0,162.1024501,23.74713448,23.61679513,26.44951439,1.632846302,1.327508928,52.96408915,38.94503379,77.85937544,0,0,0,187.8984722,187.8984722,10.0845345,29.61777643,29.61777176,2.606584489,11.52006824,4.812402864,4.498539009
H1608000196,6141.838965,310.8864159,69.40906794,1186.920592,53.75139608,43.21341004,291.4669831,4.082031318,4.778743766,254.2773994,5.109832013,6.055964732,30.19371361,2.165965738,1.831787082,2083.225583,28.2861677,33.52728651,197.7421111,13.05525728,3.09803471,,,,,,,,,,,,,,,,,,,,,,,,,,,,,,,,,,,,,,,,,,,,,
H1712000039,5208.182589,38.34645003,35.44210427,5319.121639,67.09014326,53.19069807,588.0540863,13.11955035,12.14053914,331.291585,11.72082642,10.19932799,106.860456,3.671979665,2.44995128,9159.013257,62.92170573,63.84317889,0,0,0,6313.499171,142.9578665,123.8386943,1612.533501,307.1180973,140.1530648,337.6797826,3.269665131,3.058107274,128.5833752,128.5833752,8.616767916,81.54604551,4.476188421,2.564522283,79.80085751,3.571377319,2.688649674,2208.608894,15.60567116,18.73870945,1075.270167,24.74775097,23.79118626,388.2989645,6.783142338,7.021159599,257.7058312,8.078778184,9.006584542,57.30896088,1.669425367,0.967044834,0,0,0,2494.069263,138.1102377,64.06468737,439.6966488,7.825024261,7.849602949,81.74620628,1.878712154,1.763422093
H1712000040,4751.88455,31.60507598,26.16906007,2330.458299,24.11754489,25.21072956,296.5620179,9.817093504,9.637333736,200.2914306,7.239345374,7.897308846,51.09152866,9.335211964,10.36346569,3329.414793,18.02879668,19.10141808,0,0,0,5130.9081,130.189252,124.5089527,1189.430706,45.18147985,35.14945072,327.1005674,4.186762693,4.235945209,134.9790984,134.9790984,13.98078866,70.95503242,10.48216797,3.855208292,53.03927859,8.309887148,3.176272373,2057.538826,23.04100579,26.71854381,894.0404361,56.24426224,64.70709069,322.8096723,3.967901524,4.427691171,216.4003255,4.361202053,4.46591252,48.22719163,2.072014709,1.082525018,25.09076546,3.585670381,1.681202351,2678.91679,135.8626729,64.78565564,367.2298192,11.8133409,14.45188207,71.87599045,3.941275229,2.237978171
H1712000041,4841.177048,32.21135704,31.21774917,2166.77809,21.94043514,21.76999587,246.2933578,6.135501502,5.190310885,215.2503961,5.231595431,5.055677526,36.98079909,2.223950939,3.230913924,3276.807042,21.04609809,25.01206476,0,0,0,3642.277638,84.95277467,87.79695498,934.4675544,54.83826171,18.79153361,545.5944838,22.66206823,26.51795756,116.0337881,116.0337881,6.522353648,147.8081823,9.435135854,4.418170031,60.85187819,2.632335717,1.952090401,1236.549066,8.43843409,8.742911221,570.8787408,58.05633046,54.76914727,353.1562085,7.364733566,7.294558514,189.0440278,189.0440278,11.35972351,52.39237402,0.778950128,0.903921799,19.44408984,19.44146148,2.067530347,1460.522231,54.76055419,36.99445083,262.8109016,10.48658102,10.0447602,53.29852065,5.458445925,2.59481248
H1712000042,4917.539631,33.20082744,39.01995564,4009.236519,34.22698716,33.72243836,398.5072896,17.66297609,15.79535976,314.2800604,25.4424072,24.29838409,49.94689919,2.225947596,2.069160816,6156.651838,41.1566539,34.60920095,0,0,0,3848.985387,124.8895936,109.1824996,1239.911461,120.2909813,71.1416741,444.7928514,6.886605867,6.516746616,117.2221683,117.2221683,13.39047797,137.4125764,8.666993304,5.903023743,52.89977155,3.283971248,2.520726577,1804.51041,40.75134212,44.13238429,1058.712903,54.64196173,37.08003525,506.8083364,24.50217192,13.1263966,262.6260657,33.07073861,12.05975244,71.66626022,1.440231589,1.012485356,28.96181254,4.786214095,2.367691111,2356.653489,44.4014913,46.63160821,422.0153259,12.00052539,11.25898963,72.18382488,2.121366785,2.19636206
H1712000043,4930.254962,30.81132413,33.46517611,5743.951136,57.6141962,85.62370827,566.2383408,16.19791422,16.12328018,376.6023379,24.22212156,22.06984536,76.8976213,2.001997069,1.988256525,8525.221668,73.5495519,65.72077158,0,0,0,5128.454266,128.8707311,131.2610533,1879.236506,380.3815802,135.896333,458.994638,7.158095047,8.001871358,128.3414321,58.40736043,9.115470684,155.6733158,11.14586598,5.472921535,50.6577538,1.96033061,1.378114939,2080.084807,17.27867474,22.31816316,1296.949854,22.56382188,28.5341355,644.5918729,8.897309981,9.124871873,325.2221354,325.2221354,17.15943599,94.51875009,94.51875009,6.752186952,33.67117805,33.67117805,1.759977847,2671.140015,47.42753763,42.88402951,625.0004461,24.919814,14.95315035,90.46611536,6.404063926,2.01879089
H1712000044,5149.655521,288.3122088,158.5242145,4997.068995,45.78044435,52.80397016,579.4315684,16.6814432,15.65086446,361.8995983,23.65303724,11.39708267,129.384243,3.650813889,3.317866317,7390.942545,46.95331545,46.12356918,0,0,0,8673.032357,170.9833354,236.6941001,2572.494825,392.2012406,145.2783592,663.5872132,32.76022384,26.69581665,141.772667,25.74514283,32.37818978,244.14693,34.90425613,9.493835708,47.9881023,1.702696449,1.197125742,3006.933375,38.45729234,39.52474225,2070.599938,67.65493514,72.86200984,931.9590217,17.08582124,14.82560701,577.3403378,16.1477751,15.22472873,164.6983819,6.689659638,6.460620613,49.59403141,49.59291054,5.788000646,3040.939011,145.0791312,53.80993917,780.3735171,31.07771248,15.56143202,135.4149823,13.8209963,6.651698441
H1712000045,5315.3076,33.32383145,43.26511657,2857.472256,32.58786319,32.38108648,432.4192177,12.39134989,13.16927907,344.321768,32.79811166,32.76233389,72.63751764,10.18514187,13.81988653,3873.410183,28.8398413,30.92673684,45.74783756,45.74783756,5.112593095,5678.712877,516.5329649,206.4684208,3174.43805,348.4566672,183.0359174,761.0282901,11.60953692,15.32091587,237.4051398,29.00190963,12.8031742,262.5645069,39.35272984,10.94626142,78.34373038,5.193194314,2.640134509,2779.310341,148.0463016,158.8547861,2290.309143,712.69359,963.8748644,1019.269133,14.04719936,15.36725123,499.610492,27.9303777,33.46545102,163.5532832,4.093184211,3.607934484,56.16908552,56.16908552,5.052701003,2931.392872,67.53171366,59.3254938,786.8337581,9.953156215,10.42170233,127.702492,2.145648439,1.991999819
H1712000046,5594.764355,99.47025852,85.18760432,3494.773113,27.59016441,38.06983638,578.7832127,29.93172982,26.27362166,473.2535102,27.9109916,30.41867701,87.58646237,3.060138278,3.406069858,4871.543993,39.69435816,36.78201642,0,0,0,11646.07034,3191.556323,652.062205,5683.157862,363.8815654,261.572691,1040.085847,13.14542128,12.43624026,328.5363405,328.5363405,23.58441281,337.540233,158.6965689,18.39048667,135.7751624,7.827380423,3.821202138,4687.903624,15.00700305,16.43576341,3756.437788,68.6318369,66.59573244,1451.205448,62.25471367,67.54075915,628.0120991,30.30500138,34.85275835,206.5496805,5.220466228,5.374605243,104.2206793,14.3554265,5.800647755,4212.054092,84.58106352,84.51129927,1026.712948,25.51367333,22.13389414,186.8916865,4.164211318,3.67734451
H1712000047,6392.176749,837.6800532,253.2613128,6348.407359,68.64734246,61.01173675,779.967324,26.10730766,19.7075556,484.4399603,9.12992345,9.915352302,111.3834214,4.751517991,4.512564547,8620.785208,69.09895273,71.39195411,0,0,0,12525.66973,2189.225955,636.7840554,5521.540627,439.4637333,497.6865475,1051.06724,20.68671348,21.01587176,428.0078902,16.4457191,12.34928749,444.5457631,46.25126948,13.96256184,84.66619555,3.693977827,2.224092832,6378.635977,29.31328492,24.89761914,4669.921265,29.9440687,37.23205105,2151.648814,30.9260354,31.1486585,747.7210398,47.61345051,45.5850766,393.3427973,8.362216631,7.230258682,133.5573218,133.5573209,16.38910529,5429.415092,35.43901767,37.97026787,1554.914269,27.75068609,27.58927207,294.4933582,4.584575918,4.400867374
H1712000048,5284.079336,35.17923249,40.90801181,1664.59156,293.4141792,83.98375436,393.7062845,20.83039572,20.1914884,202.7591058,23.90782418,25.90786619,58.50253502,2.661042128,2.429565284,2235.914617,83.21843223,85.43128197,27.27423895,1.332363888,0.839168688,9470.74649,258.0143046,292.6578324,4444.518456,275.5967982,160.3392291,833.2269734,41.81017243,42.43096111,337.7720596,337.7720596,23.07396832,344.267956,21.85698396,10.80178243,88.21776847,3.099467141,2.164897604,4668.9652,32.56560814,31.02997741,3444.061812,65.31164456,56.62218307,1528.068576,25.72372357,27.24375934,588.2502058,43.0277596,44.51966607,282.1682508,3.797414596,4.417230846,111.6360118,3.885482865,3.948189578,4087.950199,72.48898597,75.83540043,1187.753716,17.31026626,17.29156951,227.0633443,3.774233972,3.765403016
H1712000049,6079.385612,534.1906044,178.8581743,8251.124084,84.48859591,98.94835131,919.0228362,42.45108889,45.31097299,314.8295007,17.70502051,18.27627005,84.73571452,4.406795596,4.8418056,10655.86416,91.66827317,105.701463,0,0,0,23377.51217,1387.797428,1395.255385,8327.821464,211.5666253,203.1929226,1939.840866,36.67104824,46.14169013,195.7311755,13.93690256,18.78311664,1263.498853,144.4755886,44.34904652,78.70833357,4.410667781,2.79346963,12120.6637,28.45495185,31.09291228,9155.866535,35.96414119,39.26388738,3859.009771,494.4035353,559.7356505,0,0,0,1160.793548,24.00027472,23.62013548,0,0,0,12001.91645,160.8647535,194.8429153,2708.421477,59.98695928,63.46636619,827.2480509,19.45610305,19.85007659
H1712000050,5635.636621,332.5301179,160.9778697,6017.011724,123.3392805,91.47178615,1383.323479,70.7478087,88.74835399,322.9297581,45.71792037,43.52930383,56.71352304,4.788421076,6.556717138,8025.974151,57.11854839,61.29815015,0,0,0,18512.68083,424.1030129,425.1083603,6391.618041,745.0944984,479.0253155,750.5134814,63.69444586,77.41214994,0,0,0,394.9202148,24.68830223,11.58954023,57.28960565,11.2370506,3.370272152,8785.292963,126.3541385,161.8159027,6588.708117,176.5996244,167.8041993,2501.531158,339.9604388,314.7230308,0,0,0,815.6070476,20.35948166,20.78974738,0,0,0,7531.242892,108.9626169,106.2467605,1522.240419,27.0260283,25.72553346,605.9260446,13.70952452,15.43225924
H1712000051,6367.694946,622.6854093,213.8309271,11383.95413,144.9637938,147.3335817,1181.440128,52.60673038,42.30444053,331.4979108,24.76144403,19.71741807,102.9833032,4.816522472,2.809227776,17548.81894,175.7456736,172.6308381,0,0,0,23588.42177,210.2044016,226.3448663,8988.260371,457.1023746,292.9982431,1182.50314,31.31284713,38.09913103,430.2061247,430.2061247,45.78912144,644.9977249,21.29309844,21.02587264,70.38364114,14.01080659,4.533979287,12513.48372,47.73038558,49.17047121,9245.294491,57.71802243,59.63515936,3809.533081,211.3672601,260.3189863,0,0,0,1897.031573,92.53487753,91.83303976,0,0,0,12054.14853,296.0181223,246.5537021,1885.293066,26.32542697,26.74516057,1339.001411,32.11494615,32.85420465
H1801000014,11288.78615,50.85262501,56.6493972,9985.035427,115.1914939,136.8820681,1348.529245,17.12331567,21.86615503,483.6141683,11.28798437,11.76237792,103.3308007,8.453375452,4.410918106,15260.18033,89.35161781,101.3980566,0,0,0,20884.85432,560.2923293,698.1395835,8088.890465,466.7385217,268.2791764,967.1996599,72.43202669,23.55424349,0,0,0,430.0488728,30.08980492,31.44328156,133.1565905,27.44297455,9.432059986,8672.673781,77.12300334,94.51416673,6660.099052,119.0125935,104.5931335,3789.028164,862.7740821,939.530428,0,0,0,1132.713426,71.22485287,63.07271296,0,0,0,8360.501146,496.5846935,206.1634212,1782.33592,36.91850848,39.26139883,860.9881511,109.4153312,25.88799482
H1801000015,13730.65016,733.0862041,280.5973796,23290.25051,183.3468523,202.7464117,3492.483589,51.32986824,47.88223872,787.8256038,28.01241033,30.60503933,193.4112582,4.414686098,4.529333868,38226.35446,1606.815093,1174.239429,0,0,0,49022.48079,1072.083087,1245.088649,18879.46052,1528.580719,790.1862569,3101.083513,53.38749135,49.51700555,0,0,0,1871.752996,99.6599273,106.4724189,470.0369056,30.45185727,15.72073288,16155.60332,236.2131008,192.7226005,12662.92527,274.8604524,284.2435748,11542.17967,2480.717655,3238.186674,0,0,0,3671.68923,461.0784889,425.4027423,0,0,0,15397.01541,128.4169047,136.9109387,5172.328305,47.64878133,50.77785568,2485.342535,137.0198763,72.63209168
H1801000016,14988.60049,1188.307838,356.0522011,15365.08917,173.8239227,178.8546526,1708.855707,39.11843555,38.37671408,656.2158182,315.8674918,137.4196896,167.4102342,8.03210193,5.669984831,17138.41058,92.3379546,106.7316125,135.5717919,66.59231672,41.2738928,52534.50692,993.2248395,1250.290883,10653.34561,410.1462487,296.7893372,2139.474448,61.94832885,36.91638551,250.6764473,177.2254662,191.0348628,429.078215,19.84916797,17.93217158,150.5905896,9.706617308,13.3440825,40074.0997,142.5321721,174.7926644,15243.43978,215.0106857,218.878361,9474.372163,729.0035157,657.2980758,2381.326659,100.0057405,95.73594201,1823.43999,142.0470416,144.0672598,0,0,0,43020.92415,5050.383087,1167.411464,5713.771221,645.201793,150.2207518,2048.382541,46.15454235,45.94652333
H1801000017,11194.1653,59.84669563,75.63157047,11028.71854,74.58828634,85.13093509,1301.564417,18.97282629,20.66579351,281.8786463,20.76602512,20.8602937,100.0868144,3.421217556,2.07926115,15782.86294,458.1401596,437.8076818,0,0,0,34500.23989,776.4275698,890.0696614,9356.270085,431.253856,288.0726197,1328.653678,75.93514209,36.353526,0,0,0,769.8420526,36.48681312,36.36814609,109.201336,7.503902246,2.125150727,9816.013975,142.7752094,136.0942489,7530.7876,146.900072,179.5658619,6078.859554,815.4285554,894.176469,0,0,0,2370.694984,126.8841138,134.1749888,0,0,0,8508.798534,102.3785447,102.7878215,2436.208208,47.70543041,47.56162558,1487.447794,26.174186,32.44997807
H1801000018,13168.44829,340.3475716,343.3437541,7200.772136,65.84972903,71.04013175,1599.099362,200.7490931,39.20451802,462.1099789,47.69500329,45.34085982,92.2025069,3.203943353,1.85485529,6362.721814,141.3014885,153.109438,0,0,0,28272.49324,778.3377628,853.9966338,7721.575407,557.6981428,290.7063564,1318.462886,19.90699322,21.02742551,660.496156,192.2307736,55.26967319,848.6490839,26.9654861,25.30433407,46.48940599,17.06275567,30.50094521,10277.21436,57.56388044,55.10162211,7738.053533,63.58664096,62.82851623,8544.619645,874.7198122,993.7014418,1749.233462,1749.233462,122.2607522,2690.518508,437.535818,366.6943189,0,0,0,10550.89233,333.9517777,308.202965,2662.376824,63.69615153,63.2592059,1217.977959,23.34714417,20.52805725
H1801000019,13569.96292,103.3423848,106.6085999,5200.10275,270.015401,235.5776684,684.4817855,14.48876002,14.06010603,210.4687049,7.302631526,7.474724908,47.10024622,4.236565317,4.340402796,6836.885821,190.3513243,161.27865,52.78254389,52.57847393,14.95046926,22483.11359,769.0910223,687.6538502,5946.415871,1077.052958,1069.31803,1154.398591,33.47585168,32.60522307,626.2669903,42.80475262,30.01191304,938.4013861,19.52302648,26.71171808,42.99576263,42.25735024,6.56736825,11123.11283,165.1052036,170.0058371,7356.668079,200.2185262,188.3082475,5853.141804,431.4076238,418.100788,0,0,0,3464.364053,145.3460488,136.661337,0,0,0,9217.143278,515.8820268,218.1894083,1955.989669,10.74497346,12.3998499,1179.853704,16.67119404,17.20247686
H1801000020,14975.3382,86.08141242,90.63789354,4280.409067,143.6090608,176.0064716,1551.214576,38.58437149,38.62076843,310.3295339,61.02475106,72.97009975,52.73396302,5.950330407,6.520213947,4500.534433,116.483397,102.1363274,45.85332416,45.85318617,6.116946419,51493.30606,3443.915903,3465.442026,11782.52311,635.4741533,309.7457205,1989.972024,38.96079107,36.37475917,872.7215858,34.32322721,30.9329813,1161.485477,79.94137995,73.87008443,73.78859514,4.681494938,2.197679169,19751.62396,187.6704458,178.1084135,12392.31127,185.0866646,194.9500445,9535.79843,246.8317965,315.838073,0,0,0,3137.200921,247.845005,267.9516935,0,0,0,16802.98268,2646.174266,415.2935089,3972.410702,71.88710205,56.88905722,1463.339638,26.85389112,24.76060163
H1801000110,8590.182596,42.02418771,42.05565831,3667.245144,20.2885855,18.82625644,498.482446,8.717936891,7.964677809,373.6888055,21.09604359,23.4198853,135.4283531,3.970861964,2.895138482,5655.488822,17.67417848,18.37246245,53.58838493,20.49094232,3.82039869,9577.906005,203.7352409,207.3302175,2120.087346,206.9150446,94.64801581,585.228209,11.88791514,11.58880117,198.7997895,15.7050509,4.04919365,165.7588407,9.927506662,5.977626138,93.36591609,9.852571468,3.73567032,4083.322014,50.05920973,46.71657052,1669.750701,79.63034776,104.2026392,654.1557621,11.18033315,12.3329615,440.8365758,13.1422982,14.56505739,99.74257432,31.91537283,5.134910863,53.66553761,1.712263022,0.965206922,4224.741929,69.12141181,74.09122332,661.7091507,17.35713218,17.30371255,133.1469492,13.00500257,4.058943759
H1801000111,2101.201886,283.4018529,51.87307705,1528.945497,54.41756769,63.48256523,198.970157,8.143813057,10.55429168,132.4713306,132.4713306,8.704484533,58.05361347,5.041298868,2.475965049,2526.625424,12.28803577,11.97608064,19.89916449,1.411477184,0.753202669,2198.242291,44.37750054,35.70590828,548.534172,76.5510541,37.40623763,119.1329512,7.060012653,7.138457713,40.29159468,40.29159468,3.05404011,40.75820396,1.471060964,1.199763549,18.84040251,0.416088562,0.371474125,1005.364599,14.26161542,13.14189904,420.1556109,29.33789042,31.86712621,167.1986913,4.344063747,3.730604696,114.9288127,3.444188754,4.400488771,29.10825561,2.724348504,1.330338418,0,0,0,1105.239901,96.54347844,24.63124183,189.5199589,6.665198577,4.05503975,35.12451325,1.937642342,1.327332096
H1801000112,7246.431894,47.08871499,47.22355096,4397.485321,29.8063187,28.41273868,607.7203619,32.35518831,35.69950931,460.2447358,28.43919666,33.81528426,100.3692551,3.767908769,3.285817323,7775.733455,29.24481172,33.59729722,48.73925862,30.80593974,13.2319471,6312.178333,153.6148452,140.3968487,1581.322404,287.8715078,121.6672609,587.7930812,15.69220188,16.71884852,113.3540563,5.756834274,8.434731889,212.0802817,12.61465434,6.851883914,55.01472789,1.865073222,1.530762728,2528.802262,94.37860857,113.7225806,1124.159228,137.4126201,115.6618528,671.551927,8.901116059,10.33076284,343.6528178,28.01339771,12.61193776,80.78491918,8.328120881,8.303490134,41.97447294,6.765724198,2.788451597,3061.478585,54.35203918,47.31560096,616.3578153,15.94383575,9.398477996,99.60911326,8.106263128,3.684388505
H1801000113,7533.648439,32.75491499,33.75987168,9379.990371,70.10326698,69.63343429,907.8670391,27.52557547,24.45299429,239.7695599,19.515565,20.188051,163.3984017,2.941096701,3.22546678,12696.78859,68.91301087,55.4067824,0,0,0,6399.716331,594.5542007,206.4234189,2836.628112,869.2794991,289.8934309,660.4044407,12.10113124,11.37473613,254.4836371,254.4836371,10.54547088,209.0738931,16.17530273,21.8535743,81.36731841,10.07772412,12.02314957,2741.459462,27.36807197,23.12527957,1965.871283,77.90639916,65.94530021,769.4312119,12.46595351,14.18963951,470.197391,27.83887816,39.60903267,133.8027125,2.267883131,2.172645348,62.21250995,3.652587308,2.514877424,3292.412381,85.03130812,100.3414395,623.944108,6.597582579,8.389797279,117.551229,21.12682806,5.19451316
H1801000114,4080.901644,181.3221733,115.8841758,622.7741741,31.71954455,37.21240338,157.4791917,10.94119299,14.86161662,126.581356,7.169428876,5.604794543,46.20640048,14.95199079,17.76483732,700.0308703,18.29510236,18.6681163,18.89455721,1.526375931,0.62679807,1929.710815,34.15557787,30.71158566,446.0643167,22.64814476,20.68454548,80.34957554,1.462508536,0.806207225,25.61840141,25.61839929,9.776036883,26.041936,0.671913858,0.561236317,10.61020397,5.005547888,0.695961982,1145.658044,10.70262985,13.00250314,670.9445103,29.80173105,29.23141044,209.0713191,3.507460966,3.636368384,173.1227168,4.137720762,4.27973264,33.94084271,1.334175506,0.66500564,15.49821513,1.839276673,0.806422552,1589.420175,18.03897188,15.85962693,325.5781439,16.67529066,6.666779886,51.10192755,2.273364085,1.687723168
H1801000115,7517.578427,39.24548947,33.50306139,8483.651917,61.74994395,67.94110237,907.5097544,20.22315129,19.40371085,622.2810575,39.27796634,47.1472645,171.2720055,6.222778446,7.772663025,12066.46894,52.39829261,52.00191567,86.61351981,86.61351981,8.244697393,7682.570795,265.197203,260.5603842,3159.759902,48.27938989,53.53809341,1254.828181,25.44727799,26.94919143,236.0106739,31.40533927,41.45379725,512.1404172,19.56455191,21.38726573,144.1358388,9.308884506,4.929632671,3822.452198,82.27666614,80.20229782,2664.7465,160.2588684,150.4851565,1495.313367,21.92970446,29.10163196,658.4702225,658.4702225,64.39045734,274.0667395,6.259760546,6.693687383,85.69294262,15.86729875,4.679616445,3824.852864,128.278347,117.1129664,1087.471024,23.43612245,23.1199629,175.0025055,3.572089957,3.524184641
H1801000116,7438.426404,42.59240987,42.55424433,3116.384681,15.5724636,16.23516495,618.4829893,23.20402503,20.96160788,449.884565,11.9767004,11.20891286,171.1188055,5.827547138,6.438831142,4218.469891,22.56323257,27.13958704,82.67014438,82.67014438,4.433912365,12248.84353,1837.149852,463.3972883,3964.03389,307.0989612,157.9777938,964.4222755,14.83782067,16.76033868,177.6974,177.691403,45.44701053,220.5857237,8.63352118,7.462995329,39.43899231,2.095577898,1.183342665,4671.531647,79.62255792,76.2080495,3542.425357,127.8378946,158.3707797,1636.261215,60.95843682,62.70171,763.615904,43.37417684,42.76200938,202.917357,2.873179441,3.514313102,75.52306975,32.41059581,6.579483529,4470.43378,53.79078584,50.13759675,1210.942715,23.28176848,19.50348601,195.2578504,9.629549465,4.860633371
H1801000117,6854.426214,34.47830446,38.59412904,2901.976808,162.4298445,159.4428416,464.3390235,20.68626594,25.42051489,350.739727,13.9941835,11.15448735,106.1363836,8.718284661,8.401133913,4589.679955,19.92257182,22.90878806,60.46756947,8.023660673,3.587284532,8623.62584,452.5814609,288.2829252,3736.134424,319.7403774,151.257792,658.7061462,49.7005087,19.54405345,205.7123547,5.986535837,3.035748755,272.0473775,64.82391831,10.41882961,52.03396467,49.55483384,2.805784438,4336.257796,41.71303766,32.92436648,3408.787179,120.3543752,118.1716654,1447.162638,23.9991146,23.295548,709.1807004,45.3860877,56.38813573,257.1137475,4.912101557,5.744214461,83.51192166,83.51192166,4.924396586,4101.127062,53.93179026,44.18837299,1239.039731,16.39246505,14.85638698,231.5949048,3.971967083,4.446364009
H1801000118,7415.468444,496.9193825,172.9207171,1262.093688,48.5478529,45.80907435,314.3451374,5.567698246,4.745996907,237.938878,6.215261469,7.275052737,77.38659093,2.836807502,3.345216251,1486.583312,43.05412024,34.87163646,23.33245204,5.036104733,6.377364382,7327.340053,144.6124967,167.9386143,2530.523121,101.4073911,70.00593128,197.10495,6.132636998,6.343453283,5.568349519,1.737815378,2.401357267,84.37415463,2.813007494,1.64086424,26.80727734,8.668050803,0.847053715,5170.867808,108.7412699,98.8704869,3801.235747,233.079426,289.4642279,832.3153982,12.16265122,11.27333288,541.8752776,19.83215902,19.13252737,154.6917768,2.584063803,2.667006671,62.24359896,3.69404185,1.920963032,4748.14419,74.33934895,76.79588786,847.8996981,11.73370695,11.19997573,160.1290468,20.25176097,21.70474677
H1801000119,7523.810926,38.31038384,36.95206801,13430.07,81.09377117,90.21638196,1260.063169,24.02084924,26.25800644,230.8206197,7.833599384,7.664009901,156.1877148,33.0929222,5.91649852,16072.82637,91.31690169,108.4031801,0,0,0,16690.71004,905.2215077,886.5969506,5755.834733,588.7340342,587.3612454,1160.63945,16.68634802,14.96246529,507.603662,16.92203757,14.90387267,645.9380606,13.08607401,13.91408882,104.3772452,5.491786035,3.9986908,7835.447504,106.1600946,103.9067046,6431.105339,128.0074221,121.394251,3163.555476,120.304796,160.3775387,757.3443766,757.3443766,39.91746677,844.1552529,31.31903546,28.15662728,245.8806343,114.2484366,23.00949737,7357.585928,110.8733234,132.9059808,1661.041434,33.05994295,43.03086883,548.1860449,10.67549955,9.698011841
H1801000120,8513.844224,52.7824112,46.20608279,8663.770948,65.12651803,67.12421748,732.7579067,13.51060781,14.0997948,166.0619485,166.0619485,8.532846634,118.4310382,4.054668076,3.759459187,10550.12854,67.18355024,69.73664446,0,0,0,20962.53763,1681.832185,677.5514805,7216.812213,285.2682676,204.7232546,1248.854643,45.68714213,73.76417464,590.5753621,590.5753621,74.90509493,541.0078661,9.176208252,7.147692362,109.4805609,13.97821531,7.365072165,9911.414013,84.58168363,73.46109959,6231.836805,91.08145809,97.89928306,4369.911576,552.2337576,631.2405614,0,0,0,1360.29277,36.94769516,50.51133693,0,0,0,9721.88148,267.4803739,244.8554962,2054.661716,47.44128594,45.22549352,999.2531955,16.33005943,19.07036737
H1801000121,10714.03262,360.4024689,225.2566672,12161.15313,80.56497151,68.24697682,1524.476648,26.34082945,35.40328567,495.3833189,17.31478255,18.08406957,130.6056614,3.760447091,2.801629809,17629.04613,100.0585178,99.80412545,0,0,0,38862.96482,1052.137233,991.7546223,12729.20298,116.8467092,173.5279397,1990.594623,27.72880546,30.12739514,902.6943597,55.96169862,30.69136719,931.4625949,19.32019335,22.4348236,126.198492,20.93460096,7.973138273,18266.99779,42.04515971,36.92163439,10589.02819,39.56316709,37.76089526,6009.982934,769.7497356,882.0736432,0,0,0,2210.831849,81.54401971,85.59699492,0,0,0,14454.67246,2698.290727,403.9724263,2995.810206,56.48291594,59.45843045,1428.89145,22.04121867,24.31486394
H1801000122,9919.854206,50.21033103,43.48962258,17317.91802,223.3131985,278.4908074,2983.738952,46.41891678,40.62255644,656.1529814,19.8585581,25.05906468,172.7230354,3.594715065,4.188386297,26343.21426,171.7986529,155.6418442,198.5288647,21.88163493,5.638552901,24029.97352,1648.684761,1603.128449,7119.39767,262.4866942,229.4433991,1600.15603,30.15691389,31.76006552,687.4966956,687.4966956,112.9029115,665.1684955,31.49017059,36.14663032,144.0198576,12.87634517,5.636928074,12904.78572,122.3710192,120.6864218,8422.761873,146.7951213,171.0755137,7005.073649,958.9938756,1313.470251,0,0,0,2383.036638,165.3282048,198.2995588,0,0,0,11056.87278,745.1825376,779.6053527,2916.445251,54.01018228,62.31681273,1648.222334,30.26833737,26.38752899
H1801000123,11773.37437,1644.134705,341.3120298,22610.73662,174.2456628,162.2221746,4221.312627,56.06056951,52.20691323,1298.543689,30.29245087,31.26278245,214.1946568,4.827997256,4.355270501,35321.92607,226.6357668,246.8423362,0,0,0,42270.10996,5440.194108,1641.658416,20786.794,1161.901595,802.2534566,3128.798515,41.45917011,37.95826351,1600.271609,1600.271609,295.0393308,1403.245139,99.38331655,117.6757664,545.997091,67.28033263,28.23180737,13839.38571,145.1996704,111.4141248,11977.03564,178.3763952,161.6620932,11039.92725,2274.816494,2341.512388,0,0,0,3262.806462,340.0691464,365.7086628,0,0,0,12371.88323,2249.129983,355.1724229,4482.044261,96.52829333,102.4361794,2323.060988,147.4028866,55.31306691
H1801000124,9040.487391,587.5044093,206.1831727,6832.223591,75.21003912,65.12357013,1043.291802,28.08578812,24.30872446,322.0052734,26.1047749,10.7673842,77.16012702,3.082306945,3.381467949,10090.82662,254.2946125,282.8465789,85.79068899,75.21877028,9.78527547,28996.34059,815.7876634,853.4370928,6737.538585,274.3276022,247.3797445,1648.550401,48.51001832,49.8552923,826.0139692,826.0139692,56.79956793,1348.350274,41.28359026,45.66417369,175.7121237,12.08494182,5.556468268,9446.679181,115.4911693,96.86910579,6185.083774,110.8976522,143.1910835,7252.181472,996.4290942,860.0240226,0,0,0,2964.46699,140.8746919,181.263707,0,0,0,7943.973297,121.0484691,119.8808807,3217.874607,52.83608314,46.29974659,1847.594032,47.80227742,39.08924652
H1801000125,8644.540053,383.0834942,179.3622447,7835.267513,75.27509209,79.62191827,2486.406225,61.83277087,63.03670451,641.2397854,18.15678152,20.20339493,97.37070632,5.067970025,2.866059069,11354.26367,61.12334476,58.86161193,79.97205435,43.55245836,11.89321121,27940.5958,980.4506108,1026.88538,5951.1007,238.5646457,163.5327959,1336.869048,16.19232868,21.32709966,653.6933368,653.6933368,56.694583,945.9843742,42.48665884,40.63710221,69.91239095,3.196779588,3.977483877,8753.209258,121.2586021,108.1434988,5032.470965,169.2092715,156.8743609,5952.009935,680.9726683,661.2704927,0,0,0,2233.026465,150.7291684,135.4279336,0,0,0,7134.691199,71.65215662,93.19463487,2317.083462,37.44186967,43.59528401,1315.836604,94.74837455,34.6766321
H1801000126,8959.399654,577.6212693,180.5769714,8602.205656,91.17118675,86.70675851,878.4569726,19.21204264,20.6148392,339.3844539,172.0286231,18.37723175,91.55773086,2.631036513,1.815220896,9897.09483,37.82612881,30.33167311,0,0,0,14792.77217,323.1369368,303.3934322,2879.230928,139.9004928,84.44138999,521.2838499,17.96499544,14.81156347,137.2424662,6.462450186,8.207618932,184.7089306,4.503962054,4.635054354,32.33415112,1.394898743,0.725445501,9527.425052,77.5952752,91.68032145,3767.100003,207.1234851,114.5205492,2497.746106,142.738872,171.7804162,554.1093748,554.1093748,45.55482434,518.013944,12.93931996,15.16312312,0,0,0,8469.67849,127.3642544,133.4791112,1272.186129,38.54630975,25.85775788,502.1742616,11.46540997,9.938594794
H1801000127,10268.24313,73.99461715,96.94408285,7972.538969,64.06330579,71.40796778,1020.790532,15.65912687,20.10475671,217.44785,14.95613546,16.79174138,51.6145879,9.923681169,10.93078949,5102.47271,109.0921189,102.2397395,43.85978453,42.38869057,6.406444388,17371.59589,862.3939637,870.8100039,3793.520866,271.0492619,332.8259086,952.442071,145.831265,27.21797859,473.1813787,173.2277718,34.54501901,699.1460773,12.62783968,13.39539856,83.85814379,15.33759008,4.021753727,7085.92368,88.05557986,75.65209152,5282.568162,105.3132361,111.945759,5084.790261,562.8276653,604.7489178,0,0,0,1741.499503,55.53448118,56.88253765,0,0,0,6517.960445,52.18310487,46.90515921,1577.221149,28.61996128,24.32482574,888.6099772,27.59451084,30.25544459
H1801000128,11099.48341,743.1536188,241.320047,6869.875189,60.02395197,59.72598723,1016.354895,40.1128019,19.1871836,202.2037221,34.13355986,39.96460839,50.99099758,4.676286729,4.58831779,6084.662487,29.77082574,35.32917555,46.08431955,46.0842805,5.873428622,29630.49862,764.8335294,561.63577,6198.264559,281.3032108,168.2305429,886.0559671,18.22323946,18.26027662,350.1496262,350.1496262,16.40825055,624.2985227,16.93225864,15.58232797,38.1206597,38.12065969,4.003037975,13963.8591,51.53239415,44.55266007,7212.296799,60.11098225,63.36079181,4075.09447,91.76526649,94.89563432,686.4868242,686.4868242,79.46081407,1435.18279,51.8259016,66.29343543,0,0,0,11758.6778,1123.727529,290.5611736,2386.268845,42.15527716,42.62188331,1011.46314,11.36323336,15.81366207
H1801000129,11822.14299,89.26784912,99.08351588,2077.655706,73.70702882,77.9672239,1211.402868,25.83926912,12.99458337,253.3817106,5.447946156,4.507619137,39.54460638,13.9701792,18.21618268,1908.958893,64.45609625,60.5941135,39.18478894,0.814551995,0.899743576,35129.81936,3181.208079,2876.500303,6715.814348,300.3438796,194.9266649,1644.760903,60.64083551,58.33831616,401.3985123,12.62216621,10.0447866,642.1295422,20.97981543,22.4271664,0,0,0,14720.62221,89.7963373,89.27540742,8838.942655,97.33484867,95.27951713,8873.650712,564.6731189,587.1811801,0,0,0,2497.625292,37.56681027,45.05653748,0,0,0,12210.69587,910.1240984,332.6536569,2909.492667,51.64895122,55.52848843,1173.268346,16.99148038,17.70787095
H1801000130,11575.53248,625.147326,288.1223258,2075.888779,211.8154718,220.8150751,564.0259166,9.448209882,9.046734425,142.8432879,19.44696684,22.1212845,28.25584827,1.91618228,1.77040423,802.2409269,57.30531886,65.78131934,28.7537936,0.918484303,0.684502912,34095.24352,582.1085557,487.6481447,5652.438763,194.2755987,184.2913287,1809.436406,68.64252325,89.13223615,497.6619613,58.621361,58.7784742,1868.3046,61.06386472,59.35111153,0,0,0,18408.21801,120.3939184,124.7935702,8817.313551,160.7303645,175.2868608,5937.128128,238.6825008,228.241542,0,0,0,1746.078823,54.38781786,43.46482884,0,0,0,16311.37893,1278.692788,417.9987478,5077.733898,75.20145392,77.94685709,1076.607837,23.88154333,24.7955165
H1801000131,8947.716923,62.06024881,58.72933429,1593.796705,35.85102957,37.24327321,123.7417876,4.511154046,5.498666727,56.56662334,2.946114626,3.332025984,21.6411088,21.6411088,1.580707393,316.9777808,5.716805064,6.254765551,16.8662248,0.401883419,0.21695912,15906.25863,483.7082689,404.3403769,1003.330117,157.9791154,156.0727529,828.0543992,88.81541381,86.80454568,81.75065244,76.76103693,5.262256299,157.8559492,21.90498894,8.11439572,0,0,0,12759.16717,124.4465045,109.5907875,4717.357696,226.316664,120.138698,2869.543644,178.8993986,159.6250175,0,0,0,407.2185761,9.903155348,9.502890838,0,0,0,10419.40435,2376.949122,313.9605091,1129.415722,41.88590451,21.15623215,312.5237136,6.549099258,7.02015639
H1801000191,12921.98035,62.94653371,59.9128973,919.8009498,29.41781512,33.87463142,136.5708994,3.727869071,2.571299851,59.5471368,59.5471368,2.22923815,15.19134691,14.77087972,1.595560181,859.43776,17.21866899,17.24504827,19.78590824,19.76969098,2.399563225,20955.59468,182.0160229,206.3592178,4238.979372,261.4397588,140.6560236,304.1812746,12.82583821,8.145830129,0,0,0,73.31953213,2.283229964,1.201656467,0,0,0,7801.249722,122.2300549,127.7284479,5549.351143,271.977049,182.9083859,830.576991,8.5815879,11.1512313,340.8350074,20.08043863,8.772838767,145.8323782,24.8943892,6.740130891,0,0,0,6880.275336,214.6434308,244.9682381,505.0611404,62.6698152,35.46857913,131.1841684,7.979756739,4.487862412
H1801000192,12971.08338,709.8487507,340.0606396,5422.156402,235.1322702,299.3431453,1288.036487,17.80973797,15.8997902,197.9785445,59.58168135,79.79234153,66.19493631,2.861279883,3.536197238,3528.379206,141.7336357,133.0804061,36.36458672,36.36458672,8.164810075,48655.22744,1378.158862,1465.159978,10091.30322,883.4767341,510.3805877,1628.672334,78.77375127,71.70616823,477.4682408,28.22759997,22.9406973,896.5709538,25.09099088,24.03555798,60.48348151,4.623065563,2.492046346,21312.94622,43.2794491,48.50730011,10565.1434,62.36757979,54.04281506,7574.549022,444.9254601,453.8964471,0,0,0,2047.292014,68.47454066,77.36313515,0,0,0,16926.29124,1091.557884,471.3825988,3504.59588,83.74188331,69.89627279,1240.368762,38.49000971,36.89840797
H1801000193,11235.35024,53.60133728,38.43790762,1321.296949,70.74111218,63.80803946,176.9083648,6.330795797,6.569996762,59.00141636,5.325283974,6.032048028,11.58779325,1.173871351,1.145405905,770.5451707,6.402545325,7.471568328,18.20324179,18.20324179,1.356226241,25412.85361,321.1285291,254.7448916,4460.473591,295.0897796,127.6017334,1740.808726,50.76343321,53.90939625,674.8215294,167.8070985,58.21817545,933.69188,24.52744763,23.50329129,0,0,0,9348.080807,28.73596293,29.22748873,4664.739981,34.43910378,37.59910141,4988.376762,245.895013,303.1277026,0,0,0,1805.894729,40.08698914,38.67292714,0,0,0,7903.445935,572.435905,188.860604,1284.213109,31.31680865,29.4969837,747.1056264,11.40628466,14.0633049
H1801000194,10760.89816,520.8105125,312.9911739,740.5832696,18.52247855,18.86349625,88.62719504,3.536689306,2.624017223,38.60573539,1.623765766,1.183670767,12.6170202,0.652960083,0.456181939,491.6060842,10.06114565,11.64537996,12.59546754,12.40197675,0.818898277,12963.04292,391.7294827,403.2784741,2849.214456,2849.206081,262.3144499,307.7611386,8.509247817,8.980437346,121.6655608,121.6655608,7.470549341,143.7188147,41.75508801,7.614282951,0,0,0,5010.380513,36.39769515,38.30703226,3560.793547,47.63621117,42.74501246,1321.83786,47.38412253,56.59963776,0,0,0,651.0100326,48.8481545,17.09209293,0,0,0,4975.063523,834.5010363,167.390319,443.8462611,11.68546423,11.7448936,323.1824139,17.75246881,8.793729072
H1801000259,8262.923098,55.112227,41.35690387,1131.62595,64.51905695,35.33001889,127.2384113,3.989509828,4.860050751,70.15469221,70.15469221,2.724591247,23.42132615,23.42132615,3.324250932,956.1913844,6.189646109,7.366394788,26.21861756,26.21861756,1.253076017,26479.82058,978.0026621,1009.89807,4496.637959,1151.990149,1124.179389,384.6743518,41.48725174,14.5896132,859.261707,34.04529298,34.22113917,127.4574238,8.649763828,4.585203133,0,0,0,10993.11692,70.7198606,72.18257577,7028.718922,106.730375,90.93521194,1751.821292,42.21837454,34.89080853,427.4011805,318.8802203,42.07765439,508.7270604,36.82664105,26.10466702,0,0,0,8624.34477,242.9164521,198.5715166,694.659319,25.27035801,28.58037299,296.7842825,30.91343841,9.935442282
H1801000260,10458.72568,66.98564889,80.27599219,5138.616407,224.1955886,238.526968,1586.509377,22.55996951,20.38044966,407.9805709,79.49999641,78.53177306,53.88737012,3.065429923,3.466312038,5016.142797,248.6597834,282.6152402,42.94601442,42.94601442,5.579766757,27892.42973,913.2672731,915.9064471,7399.166567,536.6494479,233.2026563,1250.075686,27.62359279,26.90485776,597.3764444,11.21525331,8.136627393,879.2201692,21.88743865,24.45273057,0,0,0,9012.588981,132.0616232,133.0355811,7143.273526,143.6747753,169.3633759,3811.449535,49.7760294,52.83900399,926.2571383,926.2571383,65.30126655,1869.284594,64.79098084,55.82336382,0,0,0,8692.164934,308.8937428,297.1314355,1588.68308,23.16579722,21.36862362,977.8268889,70.99208733,32.85530321
H1801000261,7300.296099,45.26244052,43.8302998,17373.84311,175.9207407,151.5975641,2217.851557,47.91316296,42.61433647,581.7031077,52.57017191,56.05904877,179.3803567,5.175799554,3.567054233,30468.38211,243.0956996,227.1957932,0,0,0,40143.36915,10398.40426,2029.348908,16109.30664,1372.089959,737.5942578,2739.190206,40.30299669,41.14816551,0,0,0,1415.945271,59.82913917,62.3260799,472.1154109,78.49449741,33.6800959,12108.77808,164.98396,152.3321481,8901.406742,195.6363887,204.1786822,8687.35502,972.3558316,1293.995917,0,0,0,2735.932349,269.2798895,278.9015571,0,0,0,10270.88276,315.2958,351.3924454,3560.450975,74.72391766,84.67809027,1938.297207,193.0632883,77.44220639
H1801000262,10936.2278,53.5736972,57.3409232,2763.48596,124.5304167,111.1098559,578.48451,9.182446603,10.16071615,145.1880884,4.407211571,4.536509954,32.35636582,32.35636582,3.194983552,3005.373421,65.78164051,56.08861414,0,0,0,10739.83688,360.3305101,334.6616158,3155.727948,246.0019505,135.5140467,359.8934609,13.08869589,13.07061134,154.0411426,12.74206434,5.407871917,169.3042114,4.285761167,4.650000289,0,0,0,5229.230672,46.36000078,49.11139355,3522.785049,42.82612743,42.23134846,1399.189004,49.09285354,58.81875998,275.9638382,13.99501637,17.1031065,394.6235394,5.522908913,5.849498593,0,0,0,4606.185157,337.2555334,117.4501375,839.4605715,13.29430196,13.0640919,311.9344569,3.451097293,4.533443377
H1801000263,6153.32785,42.92228323,46.12832424,28106.55936,277.2120576,267.4515874,3488.837322,85.90641096,79.84987285,1254.846401,30.96700315,34.98307016,253.6703169,7.014875696,7.600242597,35394.05092,315.8958627,292.7146637,0,0,0,53468.00797,2160.125647,2217.04483,14201.32707,371.5431467,317.8020687,3681.438461,63.51871308,67.00226516,1452.677143,114.1901819,55.33941019,1867.726756,59.54049519,62.2333097,231.3881015,15.82043376,6.937540821,21009.14973,274.7011399,250.4378051,17036.12546,346.1424699,299.3531427,9595.341641,681.373115,723.7230233,0,0,0,2958.29959,141.705273,124.0859037,0,0,0,18892.99435,1280.201164,533.7836823,5156.379889,145.9435376,118.7585414,1892.292768,46.16851516,49.63105802
H1801000264,10695.5773,61.23009094,57.70175809,4606.807664,26.36110192,27.17350477,847.2529885,19.72483317,21.42694277,512.1793859,7.693962546,9.315838317,142.9462529,2.992247748,2.56994329,5626.640721,31.14191944,29.6028646,71.04673122,42.3227935,3.806769197,12670.72844,445.9564713,594.8437291,5628.931263,1704.576815,418.019143,858.2723228,37.27071024,19.85519119,207.0162572,116.2923364,55.16642895,276.6870311,166.0120808,15.69319225,86.76356764,9.302452704,2.67338941,7445.472838,69.41927107,68.6315803,6502.210919,85.59088297,98.42972363,2419.14213,19.86043681,21.46782742,960.3655561,42.70913818,39.67295813,351.3795786,5.383096775,6.560870943,134.7369821,134.7369821,8.067057335,7166.083462,343.7750973,163.3925305,2359.978912,37.9140225,41.04488423,370.6173493,7.394043234,8.52873456
H1801000265,6433.626733,34.59645996,31.34950209,4403.967808,368.8435612,130.9654008,862.6846742,25.79846647,25.07275573,802.8218313,18.478043,19.71951354,168.6267569,5.280740146,6.711258651,5717.125678,31.61088772,38.41394177,86.75615044,36.84010552,3.217291032,15395.77734,441.9687172,397.8232887,6275.944301,793.4472085,350.6703337,1373.194217,11.36314153,10.70412713,421.6110057,174.4733158,24.76311097,443.9497705,16.72146626,16.55534115,169.7474436,6.159220083,4.648631198,5576.062426,422.7473512,458.902497,4184.182327,794.5325139,983.1309913,1783.48654,22.2773469,19.00404214,881.2542467,56.89165204,64.48112333,353.2109873,16.46488811,9.518217276,0,0,0,5320.682144,105.7784064,89.61081447,1292.534129,22.42279807,24.70116717,230.5997523,4.068590994,3.899145225
H1801000266,7524.643815,47.41725046,42.07952521,26602.27296,217.129106,242.1693568,2458.64853,74.71109984,72.76842268,1605.068239,42.48315789,44.0755021,407.6191004,16.45358222,11.34310336,35013.54282,255.7460245,231.4635913,0,0,0,22920.8323,563.5523169,655.1785543,7917.448111,976.5502828,514.0555818,2517.575542,39.76109482,48.49705094,723.5854957,60.19464904,26.11652889,899.4762783,26.15325567,26.29653754,299.7959767,13.60015976,10.38590519,8158.4189,721.4024962,938.4011273,4492.685933,1981.868226,2871.740066,2644.944247,25.16840173,27.29948135,1152.750526,75.93000248,83.41286287,441.7096796,11.66656963,11.95307369,158.1767722,158.1767722,14.23230697,8251.387605,222.3225713,226.129732,1774.490212,43.95735426,43.95086602,304.2908936,7.556621275,8.903667743
H1801000267,12983.38139,52.60360921,53.83835541,11896.19589,101.7761337,95.51409907,1291.130438,28.11047434,35.68554856,659.6901708,659.6901708,47.12832143,262.2643947,7.631732716,5.830528601,16694.40746,1959.514927,483.6888506,111.2717975,110.097025,30.45502409,15496.26228,469.0344212,566.37075,4979.555801,694.9279995,285.0058085,1221.916546,21.26760573,19.19772913,366.9278692,274.2591465,10.53343953,367.76623,9.77833116,12.39204303,156.0709139,24.54435342,6.30884422,7494.690903,105.1575381,101.9352918,3713.144354,201.2455464,217.7971411,1392.761373,14.9224001,21.43074081,852.5469235,16.52694422,21.74168311,218.3667506,4.556209967,4.784670945,101.2744678,17.96457703,6.723202523,7162.292823,150.7558247,121.961475,1283.833795,80.41584059,28.49964362,237.6355801,3.365232042,4.315252972
H1801000268,7150.642038,35.17229002,35.14866381,15355.32319,137.4174415,129.6407427,1431.794497,85.98101049,96.86211575,1035.30541,532.449195,28.82633031,254.3051795,16.11331036,13.17274726,21555.60585,126.667117,123.0634893,0,0,0,15293.5478,1362.956067,1349.299801,2836.576698,268.7284393,310.519706,1420.238675,26.69832689,24.66124621,428.8395912,10.40877765,7.445308334,419.7546411,13.14148693,13.8378738,197.1660909,13.08573337,6.064188665,7717.682019,171.9728787,161.805143,3382.643747,321.5674586,267.0021228,1527.414384,14.66700657,14.1953304,901.7797233,14.71806078,20.96511533,236.877511,3.854567037,3.716391163,112.3156408,4.832176449,4.702559633,7508.639754,147.7695947,144.9060476,1318.496952,33.24403739,30.57329194,223.3507137,223.2876199,14.89243755
H1805000004,8231.876397,567.5891697,197.9052686,2238.952834,188.1065646,57.10262697,73.83098288,11.27299321,10.62483962,26.5442224,2.857846287,2.932567545,10.29375113,10.29375113,0.638135527,34.96036423,0.915382081,0.810594878,0,0,0,8363.620984,311.8384999,345.5914823,829.4718152,46.32256276,58.46409735,426.7897282,9.20945573,9.146193396,147.2022414,147.2022414,4.474774061,327.5711208,14.3233185,14.79959949,15.61753014,0.321778697,0.377860834,3792.858665,190.6423807,217.6461127,0,0,0,1562.007251,34.47708806,37.15761467,0,0,0,127.5872626,1.428508156,1.371312602,0,0,0,4091.433285,58.92908743,67.44407244,1772.366178,32.21065571,31.90186026,239.0249114,140.0019404,8.546893911
H1805000008,4906.523798,215.3983323,100.6305407,593.6302972,64.90136284,71.18460518,48.82336655,2.477096201,1.352103965,34.38039422,5.511671465,5.542645709,5.084619973,0.302806319,0.177841925,64.04642158,1.427742918,1.452673958,1.494114569,0.218756854,0.113261127,9450.216311,194.7569514,179.4962148,566.5625796,566.5625796,76.38687065,526.6505573,12.06558923,10.7982706,146.8543079,146.8543079,6.333845302,302.3464602,3.904394978,3.595246557,19.22981959,5.77914441,1.156811762,4620.313412,144.2246541,142.8102937,0,0,0,2615.547278,50.37920206,57.5581089,0,0,0,209.8900512,50.89534728,70.47642445,0,0,0,4124.384122,219.2757781,81.76000359,2855.661555,50.98109624,44.84464659,336.3014485,5.011085341,5.127806844
H2102002,13247.98163,32.36655471,29.64464458,3249.014704,1969.117228,98.93446431,367.1013551,245.9195295,11.00148521,222.9473177,7.753663865,8.309449719,94.69616998,3.121183185,2.104016672,3133.207286,72.07515898,52.86899355,118.3020152,1.735266902,1.270861576,314.5668438,17.01349728,6.359868146,247.939908,13.96367495,17.17211636,17.35477548,0.936432875,0.978148883,0,0,0,0,0,0,,,,53.345135,53.345135,4.431187178,117.5698078,19.10009572,6.907562415,162.7333069,8.840800081,3.880208141,0,0,0,43.81900053,25.27133275,2.618188985,0,0,0,575.7888044,30.14467002,29.56702347,119.3157154,119.3157154,3.476866784,78.05021456,78.05021456,5.420616773
H2102003,12846.86919,12846.86919,338.7653597,530.2724202,45.53249818,61.00220179,168.0085555,1.559990064,1.547361234,162.0618352,3.968057763,3.64987372,72.18028869,3.157035827,3.146460405,1519.169553,20.82384687,20.50808198,94.72001957,94.72001957,3.230467353,69.87415445,69.87415445,4.321627332,61.13725107,2.695082828,1.282879051,0,0,0,,,,0,0,0,,,,3.519369211,2.253592446,4.397572932,37.67908306,37.67908306,2.619410555,51.96049635,3.9367293,4.435986217,5.231817296,4.281794882,11.27038104,30.03603119,30.03603119,1.773875003,0,0,0,210.8549884,4.077394043,3.844395663,89.2408517,88.38771489,3.38670406,100.4493735,5.464447754,2.706220727
H2102004,13482.76135,34.88635344,30.19940741,607.7202475,49.53728068,45.02304888,160.4689255,2.410764754,1.983352586,158.8890024,3.884639653,4.595385663,73.71225991,1.265410795,1.114156004,1328.396072,58.80376822,15.92479833,69.11760584,69.11760584,26.82698607,511.483453,5.336076402,5.303495511,155.2232465,7.560349316,6.952689425,550.2861127,88.34837297,6.655818549,201.3206965,70.68415329,10.00541826,16.44709597,16.44709597,1.33338861,0,0,0,76.96628293,69.79077263,99.67324691,120.5864669,18.81025838,25.98322287,320.7335458,36.83470641,5.577306461,0,0,0,23.8805019,4.774315096,1.249960849,31.96686676,1.6763808,0.827980939,240.6519381,6.809762142,6.062636505,115.6179218,3.172012957,1.489467407,118.5134253,6.394389036,3.548217476
H2202081,1555.32593,40.39384212,12.92338613,5638.720843,290.9948748,85.98941845,1313.73204,12.60907963,11.8414893,1158.999662,22.98516574,16.2361454,151.5630835,4.217579907,3.821733976,7769.653841,45.51779588,53.38481072,490.538405,4.818489688,4.624401297,682.2710185,42.81092456,17.83225521,951.1295194,14.23359203,18.81199089,150.1113933,4.694341843,3.420431727,0,0,0,0,0,0,,,,181.476574,8.031381011,3.816097279,364.8188724,16.88291747,10.07799417,217.1829667,18.14107219,6.155887696,0,0,0,64.45772873,2.077000056,1.018451615,0,0,0,1532.615413,129.5912132,48.49948529,102.924542,22.61046938,2.020726638,50.42124833,50.42124826,2.850397808
H2202085,67647.41147,146.1868681,151.4945978,10921.13591,311.1202737,139.5726986,2513.397562,23.30503686,21.54721733,2315.350281,36.40077169,34.42057769,264.1752471,10.54228022,7.730809008,14571.86453,102.5054505,108.1568626,1103.682246,6.756044155,7.140065892,2649.37335,68.33455809,69.26540675,1956.684809,44.49660824,38.48744057,1300.021327,60.09045209,28.84255142,0,0,0,108.1255551,13.98458135,6.218292196,0,0,0,340.8301286,41.59419848,26.7908651,420.0695196,36.23347425,52.15610163,1342.863115,18.15572063,21.75910285,0,0,0,317.8479647,21.97246736,7.067005483,0,0,0,8646.385186,95.39368169,117.5041583,409.2957229,14.34711584,6.45070595,344.3376412,8.932920219,6.438088592
H2202087,3164.288075,190.2492904,37.82229193,5769.565315,298.4903261,106.5052712,1160.230769,10.21714512,13.84070699,968.2612552,52.8139695,18.17455782,132.822996,6.51742783,3.495747621,7465.568689,38.74794633,31.67741568,469.1880468,4.349732686,4.033748754,1200.496623,15.0783529,17.24596493,1267.775138,18.54579982,19.97479549,421.8940961,5.640934492,5.882850647,0,0,0,0,0,0,,,,241.5494198,30.84450355,12.86585318,307.8418022,29.59573922,29.01752019,725.5900873,25.79007096,14.66784813,0,0,0,116.4196338,4.176736975,2.731281012,0,0,0,5887.62192,135.4786099,125.5641258,274.692881,11.39774072,4.567924398,167.5310774,5.004039937,3.099562853
H2202121,8318.736329,302.2197212,398.9538453,161149.9124,14375.5146,12366.09213,69075.8451,1741.459709,1639.18527,45098.03058,45098.03058,5104.330186,49607.5622,996.6905172,1068.730601,483405.4669,57641.26975,60821.1843,16051.12895,16051.12895,533.2490323,7794.575046,927.4438904,136.3164039,15628.24074,266.363424,257.2438138,709.665786,13.27056575,8.278006661,1425.905192,38.6710635,32.43015203,161.9053428,6.459353783,7.500793743,138.3860525,25.33967945,34.19874382,53451.73394,374.5592312,349.6131554,81698.21141,666.5953736,621.7072336,20326.96835,20326.96835,717.9512001,27631.18678,835.2555659,811.3407712,790.2265909,34.45550739,28.37285494,929.555578,26.88790453,27.35247671,182989.9135,10528.19107,2766.226023,60520.00685,185.0681391,216.4907908,4158.934739,67.01761432,36.84947731
H2202124,2538.997178,216.1992333,67.83496631,44502.77008,891.7302664,1045.758994,21576.05119,198.4143039,216.6224147,23179.38055,776.0686764,636.601218,26417.17219,305.3932873,266.6169606,265846.8362,2529.023086,2804.36207,9430.020735,174.0975916,57.44679609,1377.495061,44.7502587,28.22375774,5435.968569,52.32914059,41.78955549,369.8006751,23.79513683,11.24092286,1354.377779,60.45373179,60.39095574,67.74575992,67.74575992,6.882824083,706.1962878,22.70740682,15.99394701,7920.735483,85.23705151,78.79705623,22776.23852,106.6073087,122.5298384,6738.315047,6738.315047,329.2832259,23938.94593,400.9193251,427.9966946,806.5497393,637.2244926,38.46764266,4039.934927,251.3770767,107.308085,33396.20398,305.4180235,334.3296849,18452.30067,3034.563711,206.8881854,7728.007816,128.8218188,112.9096663
H2204044,3008.210057,381.7923599,152.5178366,50507.99318,1139.482099,1281.398717,32795.84609,356.7535463,404.2596887,40538.87962,1340.472484,1484.631095,24268.32363,1519.32454,1488.699181,301261.9902,23540.02901,30171.88188,19984.75327,65.75892172,60.57229018,3938.812934,90.79165272,73.74788416,10833.39921,143.5579473,127.9408103,661.8505117,22.23379273,16.49419895,665.3793793,11.10745535,8.821595078,279.9417097,5.528164312,6.560078329,111.4969396,97.44277742,6.662615842,28707.61084,236.37805,255.3732708,43186.41754,617.6549563,627.4403997,6805.246483,116.5929858,154.2295745,8697.873041,147.3877627,137.6839445,1728.422323,20.34822377,20.11924308,826.4845559,13.70083794,13.03155393,95394.9897,613.4704494,593.4056123,24831.95758,123.7003909,160.3027411,5542.68362,87.87942198,85.41630595
H2204051,4098.003258,21.66132305,21.04380127,39676.37901,733.7702234,731.5067404,29249.98248,240.4048319,241.5413413,27426.86977,960.9117226,1029.271609,17528.00418,519.1464564,447.8332465,185607.1185,13304.82321,14562.37373,11038.27131,79.17613074,88.89585775,4550.450059,266.8800839,89.06852972,10273.93963,136.2318876,135.2902403,713.2920921,41.34492258,11.10483067,814.0654602,41.87161944,24.05721523,293.4045293,7.88389645,5.705284743,198.0816496,10.31703697,7.335407829,26536.37357,175.1013663,236.346025,39341.50034,287.3827802,264.1334861,7628.619193,153.8762322,171.1677848,8352.841013,149.1327181,125.5791004,2293.657139,27.41662756,22.04840275,1122.767019,42.06427576,51.88715609,77251.98835,77251.98835,1798.667723,20793.54967,2003.32143,244.141677,7795.364834,387.6354602,139.028761
H2301003,10445.4287,10416.35586,743.0479073,204823.8709,183659.9154,8071.388796,19062.83946,242.885086,227.8236199,9866.112118,497.0773651,535.2879589,3253.087006,74.11983713,68.60472364,226985.0283,1081.659173,1194.18586,4488.768068,93.81837819,44.50520178,17784.52645,312.817739,168.4235518,8707.957899,240.5546895,205.9403202,1049.545541,45.80716849,26.99470769,1141.893743,81.03248829,44.30955325,315.944759,10.73216942,6.464757022,327.8078819,17.06721944,19.12021032,38010.03882,8643.819356,879.7814926,10316.65663,174.7475606,222.3201044,5888.319168,174.3053425,210.8057453,4287.590332,200.4149758,211.3083433,1306.198833,37.42842219,24.39668441,1471.979356,90.1950427,47.28475356,71545.33211,360.0542745,331.2942884,11800.03925,227.0292327,136.6111805,4173.612742,29.24782704,20.64711342
H2305009,10810.8636,167.4095353,130.508169,204614.901,204614.901,16297.27229,40579.9565,319.927226,330.8915497,15995.19097,379.165009,426.4636827,3552.690901,66.56051379,65.87742037,304802.274,12686.71802,10585.97343,3908.842049,3507.396268,117.559587,1597.463578,135.6347909,54.3292424,2545.437949,116.7595962,77.5222252,583.278528,50.1979158,32.12590694,1412.721662,97.85833024,60.88372949,190.2921746,190.2921746,7.349548551,2845.095834,104.2441697,63.68430747,2236.333722,16.10326556,18.37730227,2240.942478,23.72263476,20.88133964,4831.397079,245.3590841,242.8644956,6308.214902,191.9510765,272.6491168,901.5040267,408.7763532,28.13642383,5323.618665,39.92682321,35.37610978,4841.628249,162.6724342,130.9936,5080.102101,39.92722884,42.14516601,2274.015312,12.55642508,10.77865533
H2305015,896.8666331,75.20976163,14.2107359,14964.61343,1139.20427,294.8423722,1989.272602,247.2856509,42.54639676,639.0270227,37.34800674,41.4749095,171.4237432,5.024471111,3.968576649,20987.70402,84.51382496,66.37826666,169.2122532,50.55166259,7.634215364,74.71306802,4.47530588,4.685825106,93.81153983,4.124282887,4.195917248,60.90986345,2.38443218,1.210414945,0,0,0,0,0,0,,,,211.622952,8.826956241,5.145586714,220.3546622,15.22111948,8.055083562,298.9995462,4.436874471,3.675876823,119.3241356,119.3241356,9.658908291,76.9839956,1.504412775,1.096409253,0,0,0,551.0155608,45.95256992,60.64461544,362.9855309,5.200091704,5.214546375,180.5594679,4.593482236,3.731496879
H2306009,10992.29784,131.4814811,111.2933772,18309.97885,1669.157005,525.0097989,3553.351775,37.96305026,42.40378471,1240.790071,70.25678269,43.77674637,284.9511495,6.955689876,6.69142607,30987.26519,474.2635398,465.5927388,0,0,0,426.4812367,2.197134519,1.868305701,343.4265479,8.401355122,8.080502329,394.8887899,17.12118858,17.67561195,31.6507882,8.923950616,11.71859687,91.36160156,2.708273025,2.553556301,16.29282938,3.124550054,1.150106912,490.6306962,8.854382474,6.873250764,357.6743165,9.270728426,7.952218153,2024.521173,39.91818186,50.08175901,0,0,0,697.2415859,47.54209934,50.07724949,,,,897.8655512,48.16393363,30.00888206,1003.428163,17.94072096,17.03292309,860.0466171,39.43587626,40.92427167
H2306028,2363.535514,441.239399,83.90790663,47353.07183,1711.774563,1732.744106,7448.313665,1099.829623,156.5722578,3014.559559,50.8076567,52.75885848,597.0960624,29.09046656,32.38501435,70901.37352,366.0711885,367.3824861,0,0,0,123.7683015,17.55159092,20.45201597,222.0056941,2.12362145,2.249969133,46.80894433,42.51384989,4.229853076,122.4641782,17.49055564,12.18036918,0,0,0,,,,227.3309122,41.75070436,58.53596526,318.8666178,12.52252536,7.712326919,426.5338186,7.699662692,9.367686226,166.4002067,1.797288506,1.235536074,89.93057567,2.892204617,2.026765997,66.86124348,1.042673792,0.716426653,846.1186661,20.23868112,22.37058739,413.1015627,19.75471772,7.875009818,174.4604762,86.57185672,5.072048876
H2307064,5385.879122,93.71859824,107.8809563,31101.39021,1624.786937,1505.358144,2072.269996,33.33880403,27.40358756,830.4934851,54.44798305,54.45270481,207.2973515,10.66817121,7.267316412,491.567599,6.730726646,7.47462818,37.59130143,37.59130143,8.690492166,313459.2877,6413.176275,5703.08524,56296.29071,2408.233652,1563.409861,1211.695931,103.1994585,117.7532411,1092.34477,77.00918324,83.15606483,0,0,0,,,,423418.2233,5911.893455,6494.56033,126850.3417,126850.3417,6249.82731,21442.31119,172.8373549,185.614778,5803.752897,116.1720543,116.39505,3716.841865,251.0393003,243.5668976,0,0,0,264433.7849,1224.557222,1010.326599,26563.07889,741.5282236,376.6193087,3937.201604,48.54034768,37.68355039
H2307065,9755.798481,44.70606505,52.06747245,3892.78315,84.73239474,47.61501034,661.6536858,19.04925503,20.74278193,178.4313109,10.12514601,8.641218101,81.27497467,5.164514048,5.500225001,2465.934351,16.15122038,14.97632982,39.88863896,39.88863896,3.420328505,24090.56351,671.5763466,260.6714821,9492.408964,189.6898177,160.0212141,160.8877985,160.8877985,19.61445677,220.2681584,10.18009914,8.276925391,0,0,0,,,,24843.5603,54.0942434,45.95315995,11203.02472,53.60815408,61.33648073,1086.146176,39.02096391,18.44716949,1028.58732,47.21684803,53.93495475,100.7081292,6.096105058,2.769811367,108.1332879,5.072968819,2.276467876,21335.97152,21122.59513,386.6188207,1757.136006,21.40186896,16.62620238,217.3670517,13.46256824,6.540812334
H2307066,5340.742032,43.92929393,50.92396096,19462.04706,153.0569669,186.087241,2248.366125,28.18365921,24.00510346,973.642048,70.24167522,81.63516641,289.2924142,16.14210179,10.21664027,7332.482908,85.29709182,83.5262984,153.0715756,8.987750675,10.55172624,865926.7611,142303.2612,149707.2329,,,,1173.217346,44.79602617,28.55941818,3134.473154,1517.080882,82.32260135,252.4852274,24.64163025,35.22834141,0,0,0,666032.0553,665229.3291,77054.12151,0,0,0,6414.025887,157.1191715,181.1148484,1742.207378,1742.207378,137.3980895,4616.790999,126.3871121,74.83355169,0,0,0,254792.7538,2145.370326,2009.39982,8217.3927,60.37247443,58.28131935,844.3908391,15.95632796,11.99372681
H2308003,74.65626182,74.65626171,3.459495824,834.1658802,13.05330791,12.67571149,162.1163178,2.139729207,1.896027274,129.561027,2.700528576,2.657541905,37.42166459,4.047391302,1.361378916,322.9563251,12.15600292,6.426641367,19.54752912,0.813539673,0.415003554,525.1880985,8.442717015,9.46854067,310.4540425,9.917680072,11.3776147,100.3341383,5.473151576,2.62122577,105.0538723,5.771711983,3.405300395,41.44669246,1.584153145,1.004725249,34.63845051,1.909889875,1.146553814,1094.528998,15.26955093,14.36422938,847.5748261,17.46361826,17.5797388,775.3416304,23.01087657,11.22722736,446.1180094,12.8456254,12.11642279,155.4647686,4.626179445,3.486197732,125.5558281,8.681515321,5.263308215,1197.976612,32.10777481,20.61949673,1089.201022,16.36906899,10.56378246,396.1179668,8.696227679,4.936389346
H2308005,145.6365836,14.70551424,17.87374975,3677.984904,70.1250662,62.20457925,599.6035471,6.856432005,6.750057287,481.7797966,7.174210398,8.931096216,107.9386199,9.844963936,12.80248849,1119.590648,6.727287758,6.143262852,70.74787246,1.065392242,1.029768477,930.8916917,33.60759368,39.14138652,1048.002902,28.68687547,25.08261261,123.8867248,4.225650014,4.676889395,93.97481439,86.27759476,256.1801197,66.32026371,63.27935939,1.23892225,65.16118021,1.371197255,1.483998514,2191.774647,32.85987137,37.32167926,1631.154369,51.45746836,48.58266311,1323.679391,127.899284,140.0763524,854.2919101,854.2919101,56.2221719,280.9078451,43.28670989,52.60768143,205.7983116,8.247269152,8.794311801,2879.226871,121.3283786,149.272176,2226.034913,58.11124083,24.91285669,973.7644165,16.78348268,16.43241815
H2308012,112.1475982,7.278079168,7.238825768,635.8678639,8.829069829,9.357443429,136.8926125,4.039710807,4.034450503,146.121287,7.18440436,7.317467222,77.30980433,3.945115821,2.981551155,413.5915533,5.524706253,5.6234665,66.17068575,1.209839899,1.01212713,259.0650863,4.361997675,4.852562417,212.7845009,4.787616309,6.449236494,82.18433498,58.20190657,2.169051727,47.40271963,47.40269529,7.935398739,0,0,0,,,,642.7585635,12.62225261,11.07924283,516.8694009,16.80225993,13.696629,616.0503386,30.69940702,12.60658805,481.1795312,14.3483005,10.55939051,143.1099147,9.148784999,2.793820953,121.588759,2.116411983,1.932913934,1056.866077,387.5291707,17.97419923,1070.777901,61.60007214,17.21038027,458.0313025,3.334114745,3.198342146